      Date     444000391     444000484     444000561     444000562     444000576     444000578     444000582     444000583     444000585     444000592     444000595     444000600     444000602     444000603     444000605     444000616     444000618     444000619     444000627     444000628     444000638     444000643     444000647     444000656     444000660     444000662     444000663     444000664     444000668     444000675     444000677     444000681     444001409     444001429     444001431     444001471     444001485     444001488     444001495     444001504     444001517     444001518     444001527
1990-10-31  2.052498E+03  3.977640E+01  1.343048E+04  1.010425E+04  7.556475E+03  2.608707E+03  4.943500E+03  2.710917E+03  3.468395E+03  3.365754E+02  1.265250E+04  2.502256E+03  2.191004E+02  2.457704E+02  1.356307E+04  5.195291E+03  1.160755E+04  4.856531E+03  1.377815E+04  1.941805E+03  9.493504E+02  4.111752E+02  1.301420E+03  8.148726E+03  8.135112E+02  3.755492E+03  8.295056E+03  6.425260E+03  1.299703E+04  4.041216E+03  2.398065E+03  9.012047E+03  3.957904E+03  2.067542E+04  4.047744E+02  2.792400E+03  3.906012E+03  8.626856E+02  6.249441E+03  1.821942E+02  7.068820E+02  3.142386E+03  6.566992E+03
1990-11-30  3.183585E+03  2.201926E+02  2.603315E+04  2.201725E+04  1.049706E+04  6.654749E+03  1.289390E+04  4.024757E+03  1.248446E+04  1.331341E+03  3.012217E+04  8.268716E+03  5.876798E+02  4.079748E+02  1.887789E+04  2.020740E+04  2.214913E+04  1.444414E+04  3.819639E+04  6.130163E+03  3.338754E+03  5.202682E+02  3.598012E+03  1.137600E+04  3.852748E+03  9.881083E+03  2.056524E+04  1.000646E+04  3.877536E+04  5.717057E+03  5.148402E+03  1.976984E+04  8.450885E+03  3.898720E+04  1.108786E+03  6.943369E+03  1.149815E+04  3.247288E+03  2.056549E+04  3.219958E+02  1.482903E+03  4.710151E+03  2.556040E+04
1990-12-31  3.160878E+03  2.580386E+02  2.826449E+04  3.962377E+04  1.042025E+04  1.075025E+04  2.137669E+04  4.808296E+03  2.299358E+04  9.814814E+02  4.565033E+04  1.272911E+04  3.717544E+02  3.608578E+02  2.208558E+04  2.103859E+04  4.333276E+04  2.208835E+04  5.547098E+04  9.564421E+03  4.140860E+03  6.001766E+02  5.342661E+03  1.167384E+04  7.482408E+03  2.038078E+04  3.743381E+04  1.118458E+04  5.902104E+04  9.332239E+03  1.030740E+04  4.030068E+04  7.644486E+03  3.452637E+04  1.156741E+03  1.105510E+04  1.754419E+04  5.183607E+03  3.130994E+04  5.614416E+02  1.721612E+03  5.587060E+03  2.656157E+04
1991-01-31  2.092122E+03  1.362964E+02  2.045365E+04  4.304850E+04  7.483907E+03  9.886036E+03  1.954474E+04  3.454197E+03  2.250318E+04  5.504434E+02  4.365958E+04  8.740902E+03  2.339848E+02  2.294890E+02  1.731472E+04  1.270290E+04  5.151415E+04  1.552341E+04  3.745654E+04  6.308217E+03  2.226234E+03  4.828540E+02  3.895039E+03  8.186141E+03  6.681876E+03  2.218756E+04  4.014457E+04  8.371484E+03  3.979776E+04  1.006295E+04  1.203576E+04  4.682848E+04  4.871237E+03  2.265055E+04  7.153402E+02  1.099487E+04  1.687261E+04  5.230266E+03  2.166983E+04  8.481822E+02  1.520952E+03  4.231030E+03  1.461381E+04
1991-02-28  1.134631E+04  5.959602E+02  9.803694E+04  8.895192E+04  3.443930E+04  2.121327E+04  5.035728E+04  1.333381E+04  4.706389E+04  3.151708E+03  8.869873E+04  3.144009E+04  1.398372E+03  1.280719E+03  4.633900E+04  5.441127E+04  1.087762E+05  5.719074E+04  1.517873E+05  2.647897E+04  1.258029E+04  1.155954E+03  1.591925E+04  3.777394E+04  1.788188E+04  4.755822E+04  7.930297E+04  2.935001E+04  1.840561E+05  2.314887E+04  2.361631E+04  1.050979E+05  3.659231E+04  1.414107E+05  3.655593E+03  2.268172E+04  3.386831E+04  1.036663E+04  7.173321E+04  3.391383E+03  6.083554E+03  1.262969E+04  1.393017E+05
1991-03-31  1.498422E+04  8.152892E+02  2.802096E+05  2.479475E+05  4.902921E+04  3.577895E+04  8.975532E+04  1.799051E+04  9.804283E+04  4.212742E+03  2.271055E+05  5.475077E+04  1.904492E+03  1.666418E+03  7.212419E+04  8.388543E+04  3.091811E+05  9.147025E+04  2.612816E+05  3.578990E+04  1.616616E+04  1.471905E+03  1.094373E+05  5.497104E+04  3.214121E+04  9.421762E+04  1.882706E+05  4.268577E+04  3.099685E+05  4.778652E+04  4.927757E+04  2.809264E+05  7.149112E+04  2.672078E+05  4.975936E+03  4.563727E+04  8.412516E+04  2.104692E+04  1.242038E+05  7.322947E+03  1.593068E+04  1.833164E+04  1.922632E+05
1991-04-30  3.333877E+03  7.287260E+01  1.432360E+05  1.540441E+05  2.791308E+04  1.735828E+04  3.775634E+04  1.235603E+04  5.407309E+04  1.914398E+02  1.772091E+05  1.514803E+04  1.374648E+02  2.899156E+02  2.007047E+04  1.822351E+04  2.571489E+05  1.694091E+04  9.220276E+04  3.061081E+03  1.253287E+03  4.398518E+02  6.352443E+04  1.910463E+04  1.160991E+04  5.039942E+04  1.014366E+05  7.868920E+03  7.194052E+04  2.425240E+04  2.524341E+04  2.212165E+05  2.003372E+04  1.002031E+05  9.150604E+02  2.220725E+04  8.606511E+04  1.125466E+04  3.191439E+04  1.954759E+03  3.833546E+03  3.698240E+03  1.214768E+04
1991-05-31  3.919880E+03  4.287520E+01  6.536957E+04  1.025617E+05  3.729289E+04  9.132748E+03  1.598640E+04  3.070332E+04  2.980908E+04  3.811524E+02  1.249580E+05  6.856019E+03  2.315972E+02  5.021580E+02  1.957474E+04  9.380195E+03  1.868754E+05  8.848903E+03  5.006358E+04  3.273146E+03  2.319833E+03  5.019548E+02  5.377685E+04  1.778612E+04  4.449623E+03  3.447301E+04  6.819029E+04  8.830386E+03  4.410306E+04  1.550510E+04  1.661615E+04  1.507718E+05  1.624739E+04  7.492396E+04  9.800336E+02  1.518801E+04  6.122040E+04  6.405677E+03  1.553860E+04  8.002778E+02  1.866443E+03  4.050665E+03  2.477991E+04
1991-06-30  1.462024E+03  2.291080E+01  1.709031E+04  4.136794E+04  1.937675E+04  3.130855E+03  5.152111E+03  1.184676E+04  9.666199E+03  1.649730E+02  6.018494E+04  2.279599E+03  1.247902E+02  1.045464E+02  1.438758E+04  3.920769E+03  7.941257E+04  4.005656E+03  1.372052E+04  1.048283E+03  3.770630E+02  4.056380E+02  2.491143E+04  7.400163E+03  4.008882E+02  1.144844E+04  2.936448E+04  5.527700E+03  1.233434E+04  6.304966E+03  7.031050E+03  5.402034E+04  4.917211E+03  2.951828E+04  2.956052E+02  6.447409E+03  2.889598E+04  2.573096E+03  5.704129E+03  1.853946E+02  7.872476E+02  3.036087E+03  3.568624E+03
1991-07-31  2.041931E+03  2.776220E+01  1.442687E+04  2.186912E+04  1.255855E+04  2.208022E+03  3.930548E+03  4.154221E+03  4.834534E+03  2.613660E+02  2.886662E+04  2.712999E+03  2.209292E+02  3.454654E+02  1.427701E+04  4.079443E+03  3.006915E+04  4.434281E+03  1.610716E+04  1.534084E+03  8.500618E+02  4.131310E+02  7.090461E+03  8.809253E+03  4.080256E+02  4.278681E+03  1.374219E+04  6.023966E+03  1.418298E+04  3.646297E+03  3.394481E+03  2.082137E+04  4.249293E+03  2.325428E+04  3.159506E+02  3.089275E+03  1.273134E+04  1.032281E+03  7.153580E+03  1.600962E+02  8.232648E+02  2.936723E+03  4.151605E+03
1991-08-31  9.552178E+02  1.328420E+01  8.561426E+03  1.055418E+04  5.371033E+03  1.926996E+03  2.524125E+03  2.742997E+03  2.465299E+03  4.500880E+01  1.273952E+04  1.585062E+03  2.489200E+01  4.734560E+01  1.236185E+04  2.915920E+03  1.294973E+04  3.199638E+03  8.062798E+03  8.671814E+02  2.764790E+02  3.981704E+02  1.626845E+03  5.056810E+03  2.503424E+02  1.880057E+03  6.831406E+03  4.580382E+03  8.124520E+03  3.012440E+03  1.719047E+03  1.007557E+04  2.054733E+03  1.058230E+04  1.831086E+02  1.404442E+03  4.372000E+03  4.352544E+02  4.074541E+03  1.336802E+02  5.739638E+02  2.665349E+03  2.345258E+03
1991-09-30  8.142224E+02  1.140460E+01  7.376871E+03  7.678979E+03  4.341673E+03  1.775181E+03  2.243887E+03  2.309343E+03  2.013788E+03  3.096260E+01  9.352509E+03  1.334338E+03  1.656080E+01  1.158240E+01  1.081669E+04  2.646604E+03  9.858578E+03  2.505304E+03  6.596075E+03  7.497064E+02  2.128012E+02  3.764788E+02  9.477248E+02  4.458487E+03  2.095754E+02  1.584452E+03  5.582691E+03  2.952877E+03  7.055256E+03  2.570048E+03  1.265530E+03  6.869684E+03  1.696187E+03  8.431225E+03  1.430528E+02  1.128090E+03  2.916072E+03  3.676142E+02  3.273171E+03  1.053592E+02  5.057394E+02  2.396134E+03  1.982038E+03
1991-10-31  2.255749E+03  5.412740E+01  1.725940E+04  1.083086E+04  8.587156E+03  2.804541E+03  5.527777E+03  3.229280E+03  3.929202E+03  4.747768E+02  1.298204E+04  3.725621E+03  2.472436E+02  2.446274E+02  1.359383E+04  7.918653E+03  1.223422E+04  6.915125E+03  1.937197E+04  2.972740E+03  1.506398E+03  4.539742E+02  1.764741E+03  8.056397E+03  1.260246E+03  3.857396E+03  8.777529E+03  5.930697E+03  2.422568E+04  3.714242E+03  2.302078E+03  9.640494E+03  7.633614E+03  3.122402E+04  6.195314E+02  2.513635E+03  4.044264E+03  7.479792E+02  9.386494E+03  1.028954E+02  5.197348E+02  3.187700E+03  2.321049E+04
1991-11-30  1.013777E+04  3.341370E+02  7.078729E+04  4.721438E+04  3.098419E+04  1.102200E+04  2.851795E+04  1.236365E+04  2.352365E+04  2.723210E+03  4.271025E+04  2.809232E+04  1.252652E+03  1.387170E+03  5.004288E+04  4.047589E+04  4.927930E+04  5.200762E+04  1.315679E+05  2.317036E+04  1.185405E+04  1.183208E+03  1.173978E+04  3.383389E+04  1.116195E+04  2.774381E+04  4.189893E+04  3.152409E+04  1.547136E+05  1.492364E+04  1.410713E+04  4.974582E+04  3.121119E+04  1.183844E+05  2.912135E+03  1.226058E+04  1.486814E+04  4.204741E+03  6.764254E+04  3.859022E+02  9.156954E+02  1.386886E+04  1.222101E+05
1991-12-31  7.479081E+03  6.447790E+02  8.221002E+04  1.092524E+05  2.306160E+04  2.353267E+04  5.696651E+04  1.021542E+04  5.222408E+04  2.588514E+03  8.895202E+04  3.336915E+04  1.061288E+03  7.787132E+02  3.949388E+04  5.218115E+04  1.299221E+05  6.099846E+04  1.502398E+05  2.614447E+04  1.027285E+04  1.099109E+03  1.653182E+04  2.713192E+04  2.123686E+04  5.638089E+04  8.800054E+04  2.381728E+04  1.790299E+05  2.938696E+04  2.852021E+04  1.244600E+05  2.110064E+04  8.383763E+04  2.621686E+03  2.340458E+04  3.262866E+04  1.008690E+04  7.846314E+04  1.461821E+03  2.702103E+03  1.114039E+04  6.373327E+04
1992-01-31  7.608799E+03  7.171436E+02  1.433543E+05  1.699783E+05  2.550480E+04  2.893238E+04  6.585201E+04  8.524926E+03  7.002556E+04  2.438730E+03  1.447976E+05  3.142856E+04  1.001217E+03  6.840982E+02  3.772736E+04  5.369969E+04  2.166449E+05  5.066883E+04  1.429202E+05  1.704627E+04  6.821551E+03  8.770620E+02  2.105480E+04  2.819776E+04  2.104207E+04  6.528328E+04  1.252258E+05  2.070440E+04  1.519881E+05  3.469333E+04  3.647448E+04  1.931553E+05  3.413018E+04  1.136163E+05  2.620137E+03  3.189280E+04  5.288001E+04  1.650530E+04  7.206204E+04  3.934485E+03  6.818935E+03  9.035313E+03  8.417555E+04
1992-02-29  1.053981E+04  5.996432E+02  2.313291E+05  2.444471E+05  3.743028E+04  3.239409E+04  7.844193E+04  1.137122E+04  8.300126E+04  2.990825E+03  2.712131E+05  3.333801E+04  1.349146E+03  6.876542E+02  3.752057E+04  6.920817E+04  3.506352E+05  5.292822E+04  1.657478E+05  2.054428E+04  8.262137E+03  8.649462E+02  8.422419E+04  3.345426E+04  2.324179E+04  7.629040E+04  1.685006E+05  1.983072E+04  2.218849E+05  4.368122E+04  3.805982E+04  3.108234E+05  5.379491E+04  2.218752E+05  4.277817E+03  3.809627E+04  1.213257E+05  2.177237E+04  7.939016E+04  6.354902E+03  1.396535E+04  8.563712E+03  1.265746E+05
1992-03-31  4.245889E+03  4.242562E+02  2.108947E+05  2.466846E+05  3.541083E+04  3.303361E+04  7.203818E+04  1.266045E+04  8.193702E+04  7.822946E+02  3.662261E+05  1.619331E+04  3.368802E+02  1.358900E+02  2.452050E+04  5.579560E+04  3.727800E+05  2.460290E+04  9.974750E+04  7.151980E+03  1.318362E+03  4.607306E+02  7.682817E+04  1.999176E+04  1.799450E+04  6.520406E+04  1.648409E+05  8.163560E+03  1.294227E+05  3.713764E+04  3.374791E+04  2.954402E+05  2.987307E+04  1.608013E+05  1.523492E+03  3.485360E+04  1.780135E+05  2.435614E+04  4.070556E+04  5.092421E+03  9.903460E+03  3.977310E+03  1.841431E+04
1992-04-30  3.680689E+03  4.782820E+01  8.454730E+04  1.285613E+05  3.612208E+04  1.756019E+04  2.553287E+04  3.027070E+04  3.759484E+04  4.466082E+02  2.274855E+05  7.424725E+03  3.006344E+02  4.429252E+02  2.005691E+04  2.604806E+04  2.192798E+05  1.309680E+04  5.262161E+04  4.574210E+03  1.732813E+03  4.648454E+02  5.041227E+04  1.649443E+04  4.700092E+03  3.496434E+04  8.826066E+04  1.056383E+04  5.568292E+04  1.957766E+04  2.047004E+04  1.651690E+05  1.751767E+04  9.828926E+04  9.020048E+02  1.923946E+04  1.019476E+05  1.184709E+04  1.904088E+04  2.077542E+03  4.035298E+03  3.694659E+03  1.383459E+04
1992-05-31  1.958518E+03  2.669540E+01  2.502718E+04  5.605902E+04  2.225210E+04  7.438542E+03  8.634197E+03  1.540502E+04  1.419530E+04  1.616964E+02  1.187427E+05  2.428900E+03  1.078738E+02  1.600708E+02  1.497701E+04  7.953934E+03  1.042132E+05  3.984854E+03  1.739631E+04  1.109421E+03  5.945124E+02  4.433316E+02  2.648989E+04  8.528964E+03  6.552438E+02  1.430310E+04  4.141653E+04  4.927905E+03  1.633261E+04  8.081975E+03  9.419844E+03  6.888035E+04  7.251776E+03  4.027780E+04  4.161028E+02  9.375724E+03  6.094763E+04  5.262931E+03  6.162904E+03  3.480308E+02  1.496314E+03  3.007538E+03  3.791915E+03
1992-06-30  3.330956E+03  7.917180E+01  2.910556E+04  2.884498E+04  1.780476E+04  3.444697E+03  8.601507E+03  5.292954E+03  8.408391E+03  6.767576E+02  5.082568E+04  5.073091E+03  5.296662E+02  7.126986E+02  1.478892E+04  9.109812E+03  4.046522E+04  1.075456E+04  3.058102E+04  4.766767E+03  2.425979E+03  4.708652E+02  7.908925E+03  1.330528E+04  2.632583E+03  9.965004E+03  2.284788E+04  1.135578E+04  5.458640E+04  6.367374E+03  5.811672E+03  2.911511E+04  1.288606E+04  4.570725E+04  7.498842E+02  6.409665E+03  2.684757E+04  2.557602E+03  1.259967E+04  4.103370E+02  9.757918E+02  2.796921E+03  3.774087E+04
1992-07-31  1.725295E+03  4.353560E+01  2.115708E+04  2.272675E+04  9.024671E+03  2.423160E+03  5.464302E+03  3.512236E+03  6.461709E+03  2.136902E+02  2.638123E+04  4.915205E+03  1.362456E+02  2.478532E+02  1.404549E+04  5.419115E+03  2.507300E+04  9.275039E+03  2.645306E+04  4.632503E+03  2.061159E+03  4.876292E+02  3.184703E+03  7.074230E+03  2.602078E+03  8.184083E+03  1.740418E+04  6.427902E+03  5.269893E+04  6.182284E+03  3.640734E+03  2.243889E+04  5.195087E+03  2.103826E+04  6.134862E+02  2.873527E+03  1.372766E+04  1.727860E+03  1.176305E+04  3.315970E+02  1.526972E+03  2.807310E+03  9.519742E+03
1992-08-31  7.773162E+02  1.369060E+01  7.772324E+03  8.160233E+03  4.736008E+03  1.800352E+03  2.114728E+03  2.536571E+03  2.001698E+03  3.408680E+01  1.162985E+04  1.336904E+03  1.496060E+01  8.432800E+00  1.127727E+04  2.826715E+03  1.141557E+04  2.427503E+03  6.861175E+03  7.026148E+02  2.064004E+02  4.306316E+02  1.107973E+03  4.017112E+03  2.541016E+02  1.488821E+03  5.892724E+03  2.853690E+03  7.608595E+03  2.311502E+03  1.186815E+03  8.417763E+03  1.903882E+03  9.239250E+03  1.583944E+02  1.044042E+03  4.112692E+03  3.797554E+02  3.298774E+03  1.236726E+02  4.999228E+02  2.397252E+03  1.810283E+03
1992-09-30  8.145780E+02  2.181860E+01  7.245375E+03  6.578676E+03  4.539666E+03  1.711604E+03  2.217293E+03  2.230272E+03  1.879676E+03  1.083818E+02  1.013617E+04  1.215822E+03  7.228840E+01  5.946140E+01  1.028870E+04  2.915996E+03  9.727768E+03  2.173757E+03  6.702323E+03  6.294374E+02  2.139950E+02  4.101592E+02  8.308340E+02  3.796386E+03  2.118106E+02  1.326286E+03  5.053330E+03  2.717927E+03  6.692798E+03  2.037893E+03  1.028649E+03  6.462700E+03  1.592148E+03  9.871939E+03  1.287526E+02  1.307643E+03  3.225571E+03  4.091940E+02  3.035249E+03  9.926320E+01  4.492244E+02  2.160854E+03  1.502410E+03
1992-10-31  5.314721E+03  1.481582E+02  2.907622E+04  1.372367E+04  1.857136E+04  4.095648E+03  9.376588E+03  4.837125E+03  6.455816E+03  1.415872E+03  2.205195E+04  6.196762E+03  8.649970E+02  1.009828E+03  1.900027E+04  1.608082E+04  1.580462E+04  9.644532E+03  3.978140E+04  4.699584E+03  3.565398E+03  6.138164E+02  3.267380E+03  1.846730E+04  2.309952E+03  6.844259E+03  1.230645E+04  1.182149E+04  3.642190E+04  4.653102E+03  3.358032E+03  1.335573E+04  1.661493E+04  6.584864E+04  9.749536E+02  5.892114E+03  6.985076E+03  1.619504E+03  1.524437E+04  2.117090E+02  6.625082E+02  4.419117E+03  4.196372E+04
1992-11-30  7.103212E+03  3.856990E+02  6.866321E+04  5.797126E+04  2.239894E+04  1.320747E+04  3.646482E+04  1.035985E+04  2.781099E+04  2.094382E+03  4.938941E+04  2.650995E+04  7.986014E+02  7.079742E+02  3.302986E+04  4.082123E+04  5.964131E+04  4.431375E+04  1.243256E+05  2.294179E+04  1.049853E+04  1.036345E+03  1.188649E+04  2.324227E+04  1.434633E+04  3.417296E+04  5.281915E+04  1.873146E+04  1.780507E+05  1.715981E+04  1.454480E+04  6.187912E+04  2.463688E+04  9.452242E+04  2.740635E+03  1.221229E+04  2.011789E+04  6.079490E+03  6.102286E+04  5.525516E+02  2.011172E+03  9.327109E+03  1.088715E+05
1992-12-31  1.914995E+04  9.646412E+02  2.136970E+05  1.888127E+05  5.972033E+04  3.286940E+04  8.662190E+04  2.406000E+04  7.701811E+04  5.471414E+03  1.441881E+05  6.439380E+04  2.354402E+03  2.377465E+03  1.093083E+05  9.555635E+04  2.353238E+05  1.236778E+05  2.928653E+05  4.874588E+04  2.273447E+04  2.155393E+03  3.130164E+04  7.063593E+04  3.129300E+04  8.766597E+04  1.491863E+05  6.878188E+04  3.259606E+05  4.900412E+04  4.985794E+04  2.154528E+05  6.722720E+04  2.553850E+05  5.755284E+03  3.669647E+04  5.126896E+04  1.639227E+04  1.515082E+05  4.251706E+03  9.175013E+03  2.969222E+04  2.099973E+05
1993-01-31  4.298424E+04  1.310361E+03  6.519077E+05  4.355617E+05  1.903095E+05  6.905361E+04  1.604471E+05  7.834993E+04  1.490915E+05  3.331058E+03  3.801265E+05  1.052094E+05  1.904670E+03  3.088335E+03  5.641183E+05  1.113520E+05  8.407081E+05  1.827300E+05  4.552655E+05  5.014923E+04  2.658707E+04  5.561965E+03  1.375732E+05  1.847028E+05  4.343535E+04  1.616400E+05  3.370282E+05  1.718018E+05  4.707393E+05  1.318673E+05  1.121041E+05  6.326068E+05  2.459606E+05  7.583171E+05  1.290015E+04  7.801648E+04  1.512017E+05  3.217428E+04  2.300613E+05  4.644847E+03  6.998564E+03  1.105719E+05  3.857170E+05
1993-02-28  3.110227E+04  1.080694E+03  7.131420E+05  3.923647E+05  1.983056E+05  7.151312E+04  1.619553E+05  2.816834E+05  1.413393E+05  2.383765E+03  4.838918E+05  9.159532E+04  1.186358E+03  1.214476E+03  1.135289E+06  1.475819E+05  7.715707E+05  1.535601E+05  4.510500E+05  4.396194E+04  1.530165E+04  3.302843E+04  2.825478E+05  1.333028E+05  3.825481E+04  1.362614E+05  3.114832E+05  1.591374E+05  4.834693E+05  1.253601E+05  8.142275E+04  5.588103E+05  1.240973E+05  4.627261E+05  1.242665E+04  7.139076E+04  2.095823E+05  3.056539E+04  2.150072E+05  5.504078E+03  7.079615E+03  1.988257E+05  1.512016E+05
1993-03-31  2.184319E+04  6.274562E+02  7.127293E+05  4.521869E+05  1.937167E+05  7.932397E+04  1.526293E+05  3.939408E+05  1.336103E+05  1.490751E+03  7.771443E+05  6.707121E+04  6.954012E+02  6.084570E+02  9.900392E+05  1.371698E+05  8.264587E+05  1.134997E+05  4.145150E+05  3.180037E+04  8.393405E+03  1.193233E+05  2.735363E+05  9.912815E+04  3.132064E+04  1.272252E+05  3.126349E+05  1.204190E+05  4.073241E+05  1.328698E+05  8.267195E+04  5.926759E+05  8.870061E+04  4.375759E+05  7.532954E+03  6.432728E+04  3.712558E+05  3.006545E+04  1.728313E+05  5.329885E+03  9.226474E+03  1.638370E+05  8.517811E+04
1993-04-30  1.514231E+04  3.189478E+02  4.653686E+05  4.093558E+05  1.413359E+05  5.778401E+04  1.024767E+05  2.906171E+05  1.039702E+05  1.727048E+03  7.242414E+05  4.183865E+04  8.593836E+02  1.019988E+03  5.629713E+05  9.312036E+04  7.055648E+05  8.053918E+04  2.810337E+05  2.542738E+04  7.876032E+03  1.031219E+05  1.775053E+05  7.383328E+04  2.215050E+04  1.055007E+05  2.642403E+05  7.797841E+04  2.794787E+05  1.016671E+05  7.425761E+04  5.197815E+05  6.089533E+04  4.192589E+05  3.455238E+03  4.876864E+04  3.701390E+05  2.333744E+04  1.143090E+05  5.453812E+03  1.531168E+04  9.296204E+04  7.913555E+04
1993-05-31  8.641766E+03  1.845818E+02  1.570737E+05  2.262119E+05  7.027207E+04  2.929085E+04  4.530382E+04  1.091520E+05  5.849544E+04  1.598219E+03  4.008195E+05  1.471099E+04  1.007466E+03  8.306562E+02  2.600177E+05  4.749810E+04  3.935005E+05  2.772341E+04  1.203186E+05  6.448958E+03  2.574874E+03  5.914344E+04  6.725821E+04  4.411759E+04  8.363102E+03  5.564053E+04  1.492381E+05  4.033500E+04  1.065376E+05  4.715601E+04  3.736358E+04  2.726751E+05  3.431047E+04  2.597192E+05  1.244092E+03  2.894688E+04  2.054048E+05  1.300157E+04  4.119357E+04  2.992806E+03  1.102274E+04  4.375340E+04  3.228797E+04
1993-06-30  7.030085E+03  4.648200E+02  1.045889E+05  2.028257E+05  5.922228E+04  2.404326E+04  4.602437E+04  7.559421E+04  6.122581E+04  2.280666E+03  3.316625E+05  2.684861E+04  8.593582E+02  7.106158E+02  1.623415E+05  5.381254E+04  3.025547E+05  5.230045E+04  1.427850E+05  2.013166E+04  8.413344E+03  4.498332E+04  6.263259E+04  3.197205E+04  1.251778E+04  5.356537E+04  1.399940E+05  3.445353E+04  1.548779E+05  2.900134E+04  2.972095E+04  2.315785E+05  3.692510E+04  2.116973E+05  2.370176E+03  2.959204E+04  1.443763E+05  1.378047E+04  6.458394E+04  5.400548E+03  2.088172E+04  2.390927E+04  7.023092E+04
1993-07-31  2.213026E+03  2.583180E+01  2.011649E+04  5.617055E+04  2.733129E+04  4.826533E+03  7.610323E+03  2.984858E+04  1.362994E+04  9.067800E+01  1.187279E+05  3.013837E+03  3.505200E+01  4.132580E+01  4.937793E+04  6.065926E+03  1.046521E+05  5.765622E+03  2.076369E+04  1.501038E+03  6.010148E+02  1.528503E+04  3.302292E+04  1.078619E+04  9.430258E+02  1.323188E+04  4.113403E+04  1.067735E+04  1.815422E+04  7.850657E+03  8.632063E+03  6.968508E+04  8.829497E+03  5.552445E+04  3.806698E+02  8.913393E+03  5.758340E+04  3.820617E+03  8.036103E+03  2.233676E+02  2.456561E+03  6.683451E+03  5.470906E+03
1993-08-31  2.749194E+03  2.951480E+01  2.379934E+04  2.251525E+04  2.018126E+04  2.441321E+03  4.786833E+03  1.049751E+04  5.246776E+03  2.651252E+02  4.352491E+04  3.247492E+03  2.001266E+02  4.290568E+02  2.375487E+04  4.421734E+03  3.522579E+04  6.307455E+03  2.157092E+04  2.946121E+03  1.346352E+03  2.983713E+03  1.108337E+04  1.106556E+04  1.270787E+03  6.567576E+03  1.594808E+04  1.105286E+04  4.823110E+04  5.930468E+03  3.955212E+03  2.589337E+04  1.078936E+04  3.526325E+04  5.640324E+02  3.503447E+03  2.414649E+04  1.165073E+03  8.006207E+03  1.758950E+02  7.857236E+02  4.492041E+03  2.984017E+04
1993-09-30  1.449248E+03  1.800860E+01  1.135416E+04  1.106025E+04  9.371178E+03  1.878609E+03  3.108858E+03  4.256227E+03  2.595982E+03  8.638540E+01  1.632267E+04  1.954632E+03  5.140960E+01  1.190752E+02  1.678798E+04  3.224657E+03  1.621193E+04  3.545180E+03  1.089873E+04  1.257935E+03  5.763006E+02  1.013409E+03  2.844368E+03  6.778219E+03  7.040880E+02  2.720467E+03  7.367372E+03  6.140907E+03  1.272489E+04  2.911348E+03  1.751762E+03  1.329111E+04  3.419373E+03  1.600609E+04  2.569464E+02  1.264336E+03  8.953043E+03  4.371848E+02  4.885360E+03  1.205484E+02  5.152644E+02  3.499053E+03  4.218356E+03
1993-10-31  1.971345E+03  2.941320E+01  1.301664E+04  8.355457E+03  8.925382E+03  1.950822E+03  3.315487E+03  3.406902E+03  2.448509E+03  2.025142E+02  1.238628E+04  1.781658E+03  1.294892E+02  1.695450E+02  1.535935E+04  3.806673E+03  1.313721E+04  3.188106E+03  1.037966E+04  1.044753E+03  5.775960E+02  7.587234E+02  1.497152E+03  7.865339E+03  7.115048E+02  2.491384E+03  6.247308E+03  5.665622E+03  9.880194E+03  2.575712E+03  1.510563E+03  1.053315E+04  2.897099E+03  1.549888E+04  4.091940E+02  1.732534E+03  4.893361E+03  5.274564E+02  4.494149E+03  1.163320E+02  6.287262E+02  3.240811E+03  2.583205E+03
1993-11-30  2.493493E+03  2.783840E+01  1.920883E+04  9.525127E+03  1.037333E+04  1.820266E+03  4.270680E+03  3.472129E+03  2.591130E+03  2.573528E+02  1.074806E+04  2.799791E+03  1.799844E+02  3.244342E+02  1.481534E+04  4.439590E+03  1.381859E+04  4.128313E+03  1.807025E+04  2.197608E+03  1.519225E+03  6.715252E+02  1.890954E+03  9.048877E+03  1.694028E+03  4.902124E+03  7.880782E+03  6.323076E+03  3.069727E+04  3.544595E+03  1.644193E+03  1.265062E+04  7.687056E+03  2.735356E+04  6.162294E+02  1.827073E+03  3.485947E+03  4.094988E+02  6.731381E+03  1.053338E+02  4.422648E+02  3.171190E+03  2.294702E+04
1993-12-31  1.617000E+04  5.702046E+02  1.300938E+05  9.200175E+04  5.006838E+04  1.933801E+04  5.716717E+04  2.062178E+04  4.050071E+04  3.802659E+03  6.430300E+04  5.210005E+04  1.621333E+03  1.821917E+03  8.741052E+04  6.760799E+04  1.065467E+05  9.771144E+04  2.342851E+05  4.226288E+04  1.976811E+04  1.994002E+03  2.231563E+04  5.588211E+04  2.362578E+04  5.688061E+04  7.952910E+04  5.199896E+04  2.929473E+05  3.178962E+04  2.614877E+04  1.107990E+05  5.129870E+04  1.999763E+05  4.985995E+03  1.841858E+04  2.331761E+04  6.843801E+03  1.228067E+05  9.720072E+02  3.712058E+03  2.403224E+04  2.054065E+05
1994-01-31  8.656625E+03  4.626610E+02  2.062717E+05  1.584562E+05  3.011676E+04  2.233127E+04  6.270269E+04  1.184069E+04  5.396883E+04  1.863446E+03  9.019266E+04  3.922695E+04  7.535672E+02  6.304534E+02  5.252659E+04  4.176344E+04  2.078555E+05  6.665471E+04  1.730560E+05  2.304418E+04  8.406054E+03  1.289202E+03  2.233224E+04  3.368431E+04  2.439736E+04  7.063859E+04  1.099449E+05  2.610581E+04  2.058465E+05  4.243865E+04  3.699276E+04  1.931136E+05  3.605202E+04  1.187744E+05  3.258922E+03  2.188728E+04  3.151299E+04  1.031773E+04  8.998989E+04  2.073529E+03  4.634179E+03  1.281758E+04  8.057335E+04
1994-02-28  9.610090E+03  6.678676E+02  2.147964E+05  1.962937E+05  3.970739E+04  2.531598E+04  6.283640E+04  1.409520E+04  6.414049E+04  2.806649E+03  2.046637E+05  3.511911E+04  1.203325E+03  6.898894E+02  5.356410E+04  5.444851E+04  3.121635E+05  5.261707E+04  1.700854E+05  1.752735E+04  7.310704E+03  1.327277E+03  8.376092E+04  3.653579E+04  1.954134E+04  6.699641E+04  1.316882E+05  2.083173E+04  1.796457E+05  4.331617E+04  3.717602E+04  2.688670E+05  3.728799E+04  1.580049E+05  3.549320E+03  2.894282E+04  8.344512E+04  1.687220E+04  8.196179E+04  4.832934E+03  1.040013E+04  1.060778E+04  7.234898E+04
1994-03-31  4.990821E+03  3.597148E+02  1.808069E+05  1.887427E+05  4.544697E+04  2.345083E+04  5.297168E+04  2.643736E+04  6.160600E+04  4.744466E+02  2.323625E+05  1.683377E+04  1.982724E+02  2.037334E+02  4.628276E+04  3.623912E+04  3.278447E+05  1.974327E+04  1.059338E+05  4.997069E+03  1.559103E+03  1.224839E+03  7.285231E+04  2.506825E+04  1.409156E+04  5.672762E+04  1.231746E+05  9.146946E+03  1.232298E+05  3.641192E+04  2.764719E+04  2.603847E+05  2.546139E+04  1.130419E+05  1.732636E+03  2.612146E+04  1.174162E+05  1.577698E+04  4.100637E+04  3.101594E+03  5.464581E+03  7.053961E+03  2.511682E+04
1994-04-30  2.869159E+03  1.752600E+01  6.445992E+04  9.309486E+04  3.389495E+04  8.824112E+03  1.590083E+04  2.822390E+04  2.476391E+04  7.371080E+01  1.452532E+05  5.635346E+03  4.531360E+01  1.900936E+02  2.775331E+04  1.182642E+04  1.840135E+05  6.833692E+03  4.292757E+04  1.826031E+03  9.049512E+02  8.314690E+02  4.779086E+04  1.482860E+04  2.674569E+03  2.622060E+04  6.344872E+04  6.929755E+03  3.877089E+04  1.714513E+04  1.409865E+04  1.328864E+05  1.212436E+04  5.753052E+04  6.219698E+02  1.275344E+04  6.989862E+04  6.960718E+03  1.402789E+04  7.092950E+02  1.074801E+03  4.248048E+03  6.493104E+03
1994-05-31  3.622142E+03  1.019302E+02  3.339610E+04  6.046186E+04  2.944236E+04  5.980684E+03  1.222794E+04  1.859125E+04  1.793789E+04  8.879078E+02  9.478488E+04  5.900217E+03  5.163312E+02  4.510532E+02  2.407564E+04  1.381872E+04  1.062241E+05  1.045342E+04  3.656767E+04  4.250080E+03  2.279167E+03  8.001508E+02  2.949664E+04  1.488412E+04  2.887878E+03  1.908896E+04  4.617674E+04  1.057072E+04  3.567166E+04  9.286799E+03  1.027841E+04  7.595339E+04  1.306970E+04  5.682668E+04  8.126730E+02  1.168161E+04  4.819813E+04  4.836490E+03  1.475610E+04  6.856984E+02  1.986153E+03  4.743221E+03  1.801368E+04
1994-06-30  1.188669E+03  1.498600E+01  1.037367E+04  2.400323E+04  1.205796E+04  1.651762E+03  2.528240E+03  6.092165E+03  5.461940E+03  4.328160E+01  3.864453E+04  1.555521E+03  2.110740E+01  3.845560E+01  1.412220E+04  3.093847E+03  4.124818E+04  2.494737E+03  9.214180E+03  6.578346E+02  2.531872E+02  6.186932E+02  8.680171E+03  5.318557E+03  3.532632E+02  4.507179E+03  1.758010E+04  3.738829E+03  9.200159E+03  2.416683E+03  3.407334E+03  2.597226E+04  3.032836E+03  1.544871E+04  2.390394E+02  2.969184E+03  2.100791E+04  1.327353E+03  3.874999E+03  1.126998E+02  6.003798E+02  2.831084E+03  2.076831E+03
1994-07-31  1.005840E+03  1.300480E+01  8.691905E+03  1.059736E+04  6.924726E+03  1.374089E+03  1.749095E+03  3.066974E+03  2.316455E+03  4.691380E+01  1.539011E+04  1.324534E+03  2.468880E+01  2.979420E+01  1.241199E+04  2.732049E+03  1.668617E+04  2.115515E+03  7.431227E+03  5.705348E+02  2.115058E+02  5.997702E+02  1.863522E+03  4.473702E+03  3.035300E+02  1.433373E+03  6.940931E+03  3.047060E+03  7.659472E+03  1.782978E+03  1.261186E+03  1.185311E+04  2.166112E+03  1.137176E+04  1.883918E+02  7.814056E+02  7.176694E+03  3.263900E+02  3.264611E+03  8.900160E+01  3.316986E+02  2.540965E+03  1.602080E+03
1994-08-31  7.959598E+02  1.084580E+01  7.355891E+03  5.983707E+03  5.302682E+03  1.241425E+03  1.399134E+03  2.506015E+03  1.286739E+03  3.025140E+01  9.044559E+03  1.163015E+03  1.201420E+01  6.096000E+00  1.105283E+04  2.448281E+03  1.139759E+04  1.840992E+03  6.237783E+03  4.872228E+02  1.646174E+02  5.763006E+02  1.012241E+03  3.706368E+03  2.508758E+02  1.066165E+03  4.300118E+03  2.603246E+03  6.518758E+03  1.476273E+03  7.679182E+02  7.225741E+03  1.620901E+03  8.592490E+03  1.490472E+02  5.783580E+02  3.217342E+03  2.409952E+02  2.824480E+03  7.020560E+01  2.919476E+02  2.283841E+03  1.260424E+03
1994-09-30  1.123544E+03  2.006600E+01  8.004353E+03  5.309032E+03  5.894146E+03  1.288644E+03  1.692961E+03  2.218258E+03  1.381150E+03  1.325880E+02  9.248038E+03  1.062101E+03  8.968740E+01  6.111240E+01  1.015627E+04  2.827350E+03  1.026236E+04  1.651305E+03  6.340704E+03  4.572000E+02  1.962658E+02  5.458206E+02  8.297418E+02  4.122877E+03  2.559050E+02  1.048334E+03  4.067277E+03  2.489327E+03  6.189523E+03  1.297203E+03  6.703568E+02  6.374917E+03  1.613433E+03  1.013341E+04  2.098040E+02  9.911334E+02  2.980715E+03  2.820162E+02  2.642362E+03  5.648960E+01  2.567940E+02  2.073732E+03  1.187806E+03
1994-10-31  9.421876E+02  9.017000E+00  7.723429E+03  4.728388E+03  5.391048E+03  1.108380E+03  1.221765E+03  2.169033E+03  1.083031E+03  2.707640E+01  8.052816E+03  1.025982E+03  1.224280E+01  4.259580E+01  9.953625E+03  2.243557E+03  1.018126E+04  1.586027E+03  5.707177E+03  4.205224E+02  1.734820E+02  5.572506E+02  7.605268E+02  3.825570E+03  2.284984E+02  8.875268E+02  3.712591E+03  2.387600E+03  5.749569E+03  1.202360E+03  6.390640E+02  6.213323E+03  1.538072E+03  8.396681E+03  2.049780E+02  5.066792E+02  2.714092E+03  1.865376E+02  2.491842E+03  5.560060E+01  2.537206E+02  2.042135E+03  1.167155E+03
1994-11-30  2.148888E+04  5.914390E+02  1.450706E+05  8.118696E+04  6.552580E+04  1.969389E+04  5.705005E+04  2.691082E+04  3.931968E+04  4.746117E+03  6.536141E+04  6.183521E+04  2.183282E+03  2.950718E+03  1.075576E+05  7.486518E+04  1.035220E+05  1.143115E+05  2.878358E+05  4.896582E+04  2.625956E+04  2.530627E+03  2.844902E+04  7.651166E+04  2.259185E+04  5.293355E+04  7.211050E+04  6.940164E+04  3.123665E+05  3.039379E+04  2.812621E+04  9.944466E+04  7.149460E+04  2.543770E+05  5.643956E+03  2.058431E+04  2.184164E+04  6.744513E+03  1.421124E+05  5.925566E+02  9.887712E+02  3.016275E+04  2.705017E+05
1994-12-31  1.433175E+04  6.843268E+02  2.219549E+05  1.709757E+05  4.402623E+04  3.000261E+04  8.111940E+04  1.824982E+04  7.116407E+04  2.637612E+03  1.092233E+05  5.869440E+04  1.067333E+03  8.597392E+02  8.157837E+04  6.141390E+04  2.482484E+05  1.035629E+05  2.414031E+05  3.511210E+04  1.361123E+04  1.673962E+03  3.051216E+04  5.536682E+04  3.068368E+04  8.594179E+04  1.354612E+05  4.166133E+04  2.750492E+05  5.723486E+04  5.479021E+04  2.190568E+05  4.673940E+04  1.420685E+05  5.343906E+03  3.035018E+04  3.837000E+04  1.241628E+04  1.231912E+05  1.966874E+03  2.843530E+03  2.066818E+04  9.580621E+04
1995-01-31  6.528590E+04  2.790139E+03  1.434771E+06  1.124270E+06  4.159778E+05  1.337446E+05  3.091513E+05  3.969335E+05  2.863877E+05  1.392070E+04  1.337755E+06  2.406678E+05  6.220612E+03  5.207381E+03  1.577282E+06  4.085599E+05  1.932753E+06  4.014720E+05  1.143395E+06  1.254821E+05  5.222636E+04  6.706870E+04  4.684181E+05  2.804756E+05  7.931104E+04  3.336912E+05  7.128833E+05  2.915523E+05  1.175390E+06  2.821216E+05  2.162465E+05  1.415880E+06  3.753325E+05  1.365842E+06  2.295009E+04  1.648796E+05  7.347862E+05  9.399801E+04  5.488085E+05  2.804582E+04  8.634567E+04  2.904856E+05  7.099495E+05
1995-02-28  4.753201E+04  1.986712E+03  1.061791E+06  9.632293E+05  3.061012E+05  1.759545E+05  3.029193E+05  5.545654E+05  2.682154E+05  4.034485E+03  1.361641E+06  1.734050E+05  1.437183E+03  1.008558E+03  2.077912E+06  4.298062E+05  1.640964E+06  3.066262E+05  9.572684E+05  9.657113E+04  2.371664E+04  1.916015E+05  4.123786E+05  2.243025E+05  6.412949E+04  2.595303E+05  6.906953E+05  3.078002E+05  1.094867E+06  3.079775E+05  1.776163E+05  1.161694E+06  2.184899E+05  9.593375E+05  1.523484E+04  1.386894E+05  5.922438E+05  7.821325E+04  4.481025E+05  1.538300E+04  5.766707E+04  3.995137E+05  3.056774E+05
1995-03-31  5.251049E+04  1.850517E+03  8.725299E+05  1.139008E+06  3.473398E+05  2.197999E+05  3.509372E+05  5.664603E+05  3.305486E+05  8.278597E+03  1.810712E+06  1.584866E+05  3.671824E+03  2.740279E+03  1.713034E+06  4.066375E+05  2.036933E+06  3.018290E+05  8.717953E+05  9.561203E+04  2.992829E+04  2.025709E+05  4.251174E+05  2.344686E+05  6.483673E+04  3.214632E+05  8.623289E+05  2.925116E+05  9.957711E+05  3.581632E+05  2.111404E+05  1.439996E+06  2.533222E+05  1.178322E+06  1.245385E+04  1.749122E+05  8.077311E+05  9.017635E+04  3.994568E+05  2.483254E+04  7.533645E+04  3.272862E+05  4.294109E+05
1995-04-30  2.735958E+04  1.003148E+03  5.139952E+05  7.617681E+05  1.873324E+05  1.489278E+05  2.367170E+05  3.720963E+05  2.243838E+05  1.991589E+03  1.149707E+06  9.113652E+04  9.785096E+02  1.018565E+03  1.067405E+06  2.760026E+05  1.306334E+06  1.725070E+05  5.182668E+05  5.122060E+04  1.011019E+04  1.483465E+05  2.330578E+05  1.256789E+05  4.551279E+04  2.143726E+05  5.946261E+05  1.736406E+05  6.393333E+05  2.419019E+05  1.415527E+05  9.239713E+05  1.199240E+05  6.425491E+05  5.257470E+03  1.140651E+05  5.040815E+05  5.925147E+04  2.424396E+05  1.365113E+04  4.597436E+04  1.921003E+05  1.439488E+05
1995-05-31  1.382245E+04  3.458972E+02  2.258361E+05  4.529590E+05  9.657271E+04  8.416417E+04  1.317816E+05  1.651418E+05  1.373396E+05  1.078205E+03  6.837092E+05  4.106931E+04  4.964938E+02  5.924042E+02  5.216003E+05  1.226779E+05  8.096696E+05  7.918450E+04  2.485972E+05  2.200905E+04  6.041492E+03  8.045445E+04  1.105800E+05  7.666220E+04  2.761943E+04  1.366770E+05  3.654292E+05  8.419155E+04  3.170334E+05  1.367309E+05  8.725124E+04  5.628915E+05  6.897159E+04  3.639206E+05  2.236089E+03  6.604612E+04  2.793113E+05  3.250113E+04  1.051586E+05  7.574915E+03  2.548192E+04  9.084158E+04  7.527994E+04
1995-06-30  5.653253E+03  6.187440E+01  5.650085E+04  1.619465E+05  4.531424E+04  2.767681E+04  3.608568E+04  5.908429E+04  4.429976E+04  4.207256E+02  2.754304E+05  1.120013E+04  2.892298E+02  3.966718E+02  1.860769E+05  2.536701E+04  3.113534E+05  2.332909E+04  7.580818E+04  5.696864E+03  2.258289E+03  3.790787E+04  4.643509E+04  3.255955E+04  5.250917E+03  4.590054E+04  1.244556E+05  3.343598E+04  7.862677E+04  4.182097E+04  2.932285E+04  2.135972E+05  2.498943E+04  1.380622E+05  9.819386E+02  2.394044E+04  1.036434E+05  1.110468E+04  2.805201E+04  2.456637E+03  7.531125E+03  2.505951E+04  2.183498E+04
1995-07-31  4.300347E+03  6.525260E+01  2.742458E+04  6.634277E+04  3.407987E+04  9.014155E+03  1.392888E+04  2.849283E+04  1.696321E+04  6.652260E+02  1.263297E+05  6.938416E+03  3.935984E+02  5.148834E+02  7.160567E+04  1.012863E+04  1.378160E+05  1.531828E+04  4.057058E+04  5.336616E+03  2.228698E+03  1.428247E+04  2.591570E+04  1.923849E+04  1.946885E+03  1.945282E+04  5.138440E+04  2.112360E+04  3.993312E+04  1.457757E+04  1.399002E+04  9.085275E+04  1.220170E+04  6.344453E+04  7.811008E+02  1.162883E+04  5.914144E+04  4.913452E+03  1.751201E+04  9.554718E+02  2.920848E+03  8.640445E+03  1.146833E+04
1995-08-31  1.823593E+03  2.397760E+01  1.166152E+04  2.351093E+04  1.543533E+04  2.700858E+03  4.717644E+03  9.140825E+03  5.574792E+03  6.918960E+01  4.312166E+04  2.385238E+03  2.588260E+01  1.404620E+01  2.831153E+04  3.756228E+03  4.676518E+04  4.233672E+03  1.198001E+04  1.260170E+03  5.435854E+02  2.960548E+03  7.546924E+03  8.087360E+03  8.160512E+02  5.496941E+03  1.692872E+04  8.262772E+03  1.269431E+04  4.083126E+03  4.557852E+03  2.943174E+04  4.169054E+03  2.391931E+04  3.156458E+02  2.363521E+03  2.336455E+04  1.348740E+03  5.675605E+03  2.647696E+02  6.681216E+02  5.162525E+03  3.765626E+03
1995-09-30  1.362278E+03  2.059940E+01  9.274327E+03  1.006404E+04  8.319770E+03  1.828851E+03  3.225140E+03  4.120820E+03  2.470048E+03  7.231380E+01  1.619717E+04  1.785925E+03  3.545840E+01  1.066800E+01  1.832272E+04  3.007004E+03  1.840492E+04  3.012313E+03  8.743848E+03  9.034526E+02  4.020058E+02  1.108862E+03  1.944573E+03  5.889600E+03  6.172454E+02  2.257704E+03  6.612738E+03  5.545201E+03  9.110218E+03  2.456993E+03  1.533423E+03  1.366002E+04  2.611501E+03  1.607292E+04  2.318512E+02  1.134948E+03  8.390306E+03  5.706110E+02  4.220134E+03  1.834642E+02  4.133342E+02  3.787597E+03  2.529078E+03
1995-10-31  1.252906E+03  1.584960E+01  8.549818E+03  6.310757E+03  6.848907E+03  1.506271E+03  2.540508E+03  3.321456E+03  1.615465E+03  4.498340E+01  1.003450E+04  1.543329E+03  1.729740E+01  1.656080E+01  1.542001E+04  2.669794E+03  1.318298E+04  2.518512E+03  7.611694E+03  7.452868E+02  3.407918E+02  8.670036E+02  1.284681E+03  5.253685E+03  5.196332E+02  1.793011E+03  4.586681E+03  4.485564E+03  7.797749E+03  1.939087E+03  9.042908E+02  9.659214E+03  2.157933E+03  1.333485E+04  1.996948E+02  8.166608E+02  4.292905E+03  4.252976E+02  3.640099E+03  1.417066E+02  3.366262E+02  3.248558E+03  2.012340E+03
1995-11-30  2.648331E+03  2.026920E+01  2.009488E+04  8.692083E+03  1.088431E+04  1.522120E+03  3.494278E+03  3.250336E+03  2.425040E+03  1.649476E+02  9.947224E+03  2.719375E+03  1.102106E+02  2.831338E+02  1.408158E+04  3.255467E+03  1.490182E+04  3.508680E+03  1.697741E+04  1.755572E+03  1.440510E+03  7.724902E+02  1.856664E+03  9.205265E+03  1.676806E+03  5.184851E+03  7.106082E+03  4.913706E+03  2.717465E+04  2.960065E+03  1.196467E+03  1.360013E+04  6.350559E+03  2.258118E+04  6.765544E+02  1.523644E+03  3.572561E+03  3.949446E+02  6.577889E+03  1.173734E+02  3.276346E+02  2.920289E+03  1.840459E+04
1995-12-31  4.218234E+04  2.359152E+03  4.417638E+05  3.602666E+05  1.246010E+05  6.884904E+04  1.571671E+05  5.879600E+04  1.500609E+05  1.377099E+04  3.540830E+05  1.402353E+05  6.080227E+03  5.102073E+03  2.759037E+05  2.285869E+05  3.970823E+05  2.514402E+05  6.361093E+05  9.823115E+04  4.784496E+04  5.647106E+03  1.382998E+05  1.567881E+05  5.347546E+04  1.564916E+05  2.915011E+05  1.429504E+05  6.753602E+05  9.046230E+04  8.080238E+04  3.773307E+05  1.618851E+05  6.234909E+05  1.222855E+04  8.867513E+04  1.354428E+05  3.865705E+04  3.157947E+05  1.274343E+04  3.341286E+04  7.105414E+04  4.974238E+05
1996-01-31  5.838635E+04  2.567788E+03  1.133968E+06  9.774125E+05  3.353050E+05  1.876993E+05  3.495446E+05  2.777858E+05  3.379510E+05  9.250248E+03  1.122225E+06  2.331164E+05  4.228236E+03  4.569054E+03  1.232779E+06  4.350245E+05  1.893996E+06  3.771011E+05  1.130116E+06  1.217043E+05  4.745985E+04  2.955379E+04  4.332418E+05  3.050808E+05  8.952583E+04  3.402174E+05  7.931651E+05  2.740783E+05  1.303158E+06  3.172301E+05  1.958049E+05  1.393879E+06  3.537619E+05  1.160041E+06  1.872645E+04  1.746191E+05  4.714223E+05  7.304522E+04  5.227487E+05  1.566575E+04  4.150296E+04  2.405120E+05  6.336270E+05
1996-02-29  6.702336E+04  1.779118E+03  1.348660E+06  9.478104E+05  4.416413E+05  2.243386E+05  3.768834E+05  7.535395E+05  3.136991E+05  5.064887E+03  1.397981E+06  1.979205E+05  1.954378E+03  2.126894E+03  2.749980E+06  4.209942E+05  1.782276E+06  3.398816E+05  1.060940E+06  1.105125E+05  3.572408E+04  2.475616E+05  4.762488E+05  3.344242E+05  7.555037E+04  3.014065E+05  7.848003E+05  3.993741E+05  1.197202E+06  3.636923E+05  1.841951E+05  1.276298E+06  3.098329E+05  1.197832E+06  2.193950E+04  1.554942E+05  5.683295E+05  7.352922E+04  4.852051E+05  1.416063E+04  3.798098E+04  5.212534E+05  4.146253E+05
1996-03-31  4.377634E+04  9.396222E+02  8.182066E+05  7.413855E+05  2.710532E+05  1.840077E+05  3.009271E+05  5.698605E+05  2.394124E+05  2.119960E+03  1.168760E+06  1.175701E+05  7.255510E+02  4.599686E+02  1.544160E+06  2.984046E+05  1.330859E+06  1.868273E+05  6.916509E+05  5.495968E+04  1.411348E+04  2.026094E+05  3.330063E+05  1.923734E+05  5.140894E+04  2.248108E+05  6.090263E+05  2.176335E+05  7.835255E+05  2.830757E+05  1.358051E+05  9.516771E+05  1.560107E+05  7.599989E+05  1.100366E+04  1.128975E+05  5.025460E+05  5.799087E+04  2.924405E+05  1.327904E+04  3.215231E+04  2.896271E+05  1.664017E+05
1996-04-30  2.039770E+04  3.588004E+02  2.702659E+05  4.150108E+05  1.234490E+05  9.981710E+04  1.519196E+05  2.285885E+05  1.356401E+05  1.638910E+03  6.943256E+05  4.196631E+04  7.621016E+02  6.236462E+02  5.964527E+05  1.265749E+05  7.574111E+05  6.927926E+04  2.567566E+05  1.731927E+04  5.211928E+03  9.477035E+04  1.256282E+05  9.769163E+04  2.375883E+04  1.267382E+05  3.469858E+05  8.584662E+04  2.792583E+05  1.394762E+05  7.853177E+04  5.262794E+05  7.272226E+04  3.796609E+05  2.826029E+03  6.398585E+04  3.062581E+05  3.253054E+04  1.042882E+05  9.000007E+03  2.182998E+04  1.207287E+05  6.794650E+04
1996-05-31  1.232505E+04  9.941560E+01  1.398239E+05  2.318240E+05  7.945031E+04  4.413387E+04  6.569060E+04  1.006752E+05  6.925610E+04  1.099287E+03  3.695604E+05  2.247349E+04  5.765546E+02  1.009650E+03  2.691537E+05  4.427926E+04  4.412453E+05  3.680772E+04  1.556913E+05  1.575255E+04  7.855458E+03  5.880562E+04  6.386853E+04  6.411087E+04  1.341369E+04  7.275347E+04  1.882502E+05  4.241853E+04  1.849902E+05  6.243587E+04  4.134688E+04  3.062562E+05  5.274358E+04  2.348416E+05  2.616835E+03  3.313036E+04  1.458349E+05  1.530246E+04  5.223858E+04  3.879672E+03  1.241534E+04  4.591037E+04  8.872449E+04
1996-06-30  4.270527E+03  3.329940E+01  3.707450E+04  8.768143E+04  3.749175E+04  1.378737E+04  1.836943E+04  4.607898E+04  2.278126E+04  1.965706E+02  1.581787E+05  5.036896E+03  8.966200E+01  1.498854E+02  9.499689E+04  8.611032E+03  1.822595E+05  8.393024E+03  3.885659E+04  2.360549E+03  1.193140E+03  2.738481E+04  4.622079E+04  2.498740E+04  3.397072E+03  2.800251E+04  7.137271E+04  1.585034E+04  3.925301E+04  2.056412E+04  1.448580E+04  1.286603E+05  1.774812E+04  8.367232E+04  6.104382E+02  1.255723E+04  6.762636E+04  5.480685E+03  1.156360E+04  6.025134E+02  3.618865E+03  1.329220E+04  1.178204E+04
1996-07-31  2.957779E+03  2.524760E+01  1.764099E+04  2.816982E+04  2.490551E+04  3.688613E+03  6.870319E+03  1.801350E+04  6.978472E+03  1.464056E+02  5.308676E+04  2.873045E+03  6.568440E+01  1.323594E+02  3.439973E+04  4.269511E+03  6.288682E+04  4.690186E+03  1.668254E+04  1.482065E+03  8.794242E+02  7.255104E+03  1.943318E+04  1.291722E+04  1.229919E+03  8.486165E+03  2.338337E+04  9.732543E+03  1.850268E+04  5.867705E+03  5.021148E+03  3.976713E+04  7.526706E+03  3.630816E+04  4.623308E+02  3.475761E+03  2.807983E+04  1.576299E+03  6.942658E+03  3.168650E+02  6.735318E+02  6.112764E+03  6.168212E+03
1996-08-31  1.820418E+03  1.983740E+01  1.135169E+04  1.082947E+04  1.176820E+04  2.119732E+03  4.114190E+03  5.758459E+03  2.821584E+03  8.732520E+01  1.651109E+04  2.073046E+03  2.446020E+01  3.520440E+01  2.053285E+04  3.195828E+03  2.052069E+04  3.331083E+03  1.066985E+04  1.044397E+03  5.835904E+02  1.614322E+03  4.420921E+03  7.881290E+03  9.035796E+02  2.993644E+03  7.421575E+03  6.445656E+03  1.066764E+04  2.946629E+03  1.658671E+03  1.512748E+04  3.367583E+03  1.845757E+04  2.974340E+02  1.231189E+03  8.680145E+03  6.452362E+02  4.961280E+03  2.170684E+02  4.233672E+02  4.366844E+03  3.274847E+03
1996-09-30  2.142058E+03  3.307080E+01  1.363454E+04  9.014739E+03  9.738360E+03  1.977847E+03  4.357395E+03  3.843960E+03  2.863799E+03  2.563876E+02  1.194440E+04  2.201977E+03  1.369568E+02  1.370076E+02  1.685696E+04  4.280738E+03  1.522758E+04  4.035704E+03  1.231349E+04  1.455039E+03  7.466838E+02  1.009650E+03  1.776349E+03  8.134248E+03  1.315339E+03  3.902380E+03  6.590995E+03  6.363919E+03  1.373175E+04  2.748229E+03  1.758696E+03  1.185560E+04  4.422851E+03  2.074967E+04  4.184650E+02  1.774114E+03  4.808195E+03  6.362700E+02  5.535879E+03  1.726438E+02  4.307840E+02  3.567227E+03  5.141214E+03
1996-10-31  5.210099E+03  1.561846E+02  3.449960E+04  1.888884E+04  1.807411E+04  4.862551E+03  1.288235E+04  7.184390E+03  8.735111E+03  1.439240E+03  2.205048E+04  1.127808E+04  6.876796E+02  7.334250E+02  2.824683E+04  1.870177E+04  2.323739E+04  1.890967E+04  5.642270E+04  8.688527E+03  5.231333E+03  1.197432E+03  5.471439E+03  1.740924E+04  4.324121E+03  1.028494E+04  1.678003E+04  1.453551E+04  5.485313E+04  5.338445E+03  4.538447E+03  2.060730E+04  1.365377E+04  6.416431E+04  1.426337E+03  5.491277E+03  7.827137E+03  1.723974E+03  2.751488E+04  2.752344E+02  6.994652E+02  6.735369E+03  3.491708E+04
1996-11-30  2.006491E+04  6.684010E+02  1.385645E+05  1.138322E+05  6.151169E+04  2.189442E+04  6.218580E+04  2.443731E+04  4.841928E+04  5.312867E+03  8.128251E+04  5.129555E+04  2.484907E+03  2.494712E+03  9.800298E+04  8.462810E+04  1.179011E+05  9.321698E+04  2.473882E+05  4.245666E+04  2.193976E+04  2.391791E+03  2.535278E+04  6.748554E+04  2.363953E+04  5.639651E+04  8.858047E+04  5.534566E+04  3.054669E+05  2.693345E+04  2.323600E+04  1.174699E+05  7.699880E+04  2.872824E+05  5.318379E+03  2.417862E+04  3.056773E+04  9.724542E+03  1.219370E+05  2.823083E+03  7.406157E+03  2.648981E+04  2.887557E+05
1996-12-31  6.618041E+04  2.405253E+03  1.538188E+06  1.198022E+06  4.137747E+05  1.403990E+05  3.494053E+05  3.996213E+05  3.427785E+05  1.303045E+04  1.180986E+06  2.693953E+05  5.813146E+03  6.093841E+03  1.231152E+06  3.847811E+05  2.178146E+06  4.373149E+05  1.331819E+06  1.504606E+05  6.126396E+04  7.904112E+04  6.177133E+05  3.068740E+05  9.898700E+04  3.983957E+05  8.335874E+05  2.791277E+05  1.385686E+06  2.966239E+05  2.326346E+05  1.679823E+06  3.506843E+05  1.255331E+06  2.308118E+04  1.738183E+05  5.920517E+05  6.843113E+04  6.116736E+05  1.713657E+04  4.898220E+04  2.337246E+05  6.789196E+05
1997-01-31  1.048502E+05  3.477895E+03  2.100994E+06  1.975584E+06  6.854609E+05  3.921866E+05  6.573302E+05  1.228055E+06  5.727164E+05  1.300617E+04  2.765703E+06  4.108469E+05  5.148377E+03  4.317390E+03  4.861158E+06  9.043946E+05  3.693053E+06  6.890552E+05  2.090921E+06  2.137517E+05  6.990329E+04  4.292137E+05  8.715893E+05  5.404150E+05  1.245634E+05  5.653589E+05  1.511492E+06  7.063753E+05  2.167257E+06  6.697120E+05  3.862833E+05  2.539051E+06  5.408239E+05  2.164703E+06  3.347949E+04  2.914823E+05  1.182585E+06  1.356857E+05  1.004488E+06  3.022161E+04  1.227674E+05  9.560265E+05  8.457229E+05
1997-02-28  5.383578E+04  1.278280E+03  8.301481E+05  8.746431E+05  3.089124E+05  2.128883E+05  3.529226E+05  5.671033E+05  2.696324E+05  1.719123E+03  1.264906E+06  1.476712E+05  5.011674E+02  5.477764E+02  2.040926E+06  3.503157E+05  1.667601E+06  2.651779E+05  8.093115E+05  7.663233E+04  1.960395E+04  2.005687E+05  3.340781E+05  2.386905E+05  5.934260E+04  2.831113E+05  7.191887E+05  3.120329E+05  9.679729E+05  3.829389E+05  1.731126E+05  1.158863E+06  1.861187E+05  7.994947E+05  1.213071E+04  1.391450E+05  5.278187E+05  6.399131E+04  3.700273E+05  1.342984E+04  3.376663E+04  4.067147E+05  2.165749E+05
1997-03-31  2.976354E+04  3.729990E+02  3.560598E+05  5.428432E+05  1.577910E+05  1.387481E+05  2.176222E+05  2.906500E+05  1.740528E+05  7.934452E+02  8.236401E+05  6.633741E+04  2.939542E+02  2.365502E+02  9.709956E+05  1.541978E+05  1.071873E+06  1.116120E+05  3.627247E+05  2.706263E+04  6.204128E+03  1.161929E+05  1.629547E+05  1.291929E+05  3.006659E+04  1.782616E+05  4.620047E+05  1.410994E+05  4.010851E+05  2.312829E+05  1.118969E+05  7.317241E+05  9.137025E+04  4.351485E+05  4.264381E+03  8.507552E+04  3.608845E+05  3.953761E+04  1.663374E+05  9.342679E+03  1.815633E+04  1.913632E+05  8.401652E+04
1997-04-30  1.334740E+04  1.714754E+02  1.260832E+05  2.476016E+05  8.039781E+04  6.190107E+04  8.796424E+04  1.056615E+05  7.934101E+04  1.344066E+03  4.186664E+05  2.379917E+04  6.198362E+02  5.005324E+02  3.578060E+05  5.421907E+04  4.993240E+05  3.666797E+04  1.397726E+05  9.917938E+03  4.560011E+03  6.049460E+04  5.938246E+04  6.938086E+04  9.747479E+03  7.769146E+04  2.154861E+05  5.031852E+04  1.477311E+05  8.980757E+04  4.742200E+04  3.256283E+05  4.299748E+04  2.180060E+05  1.847723E+03  4.027754E+04  1.706535E+05  1.758617E+04  5.685574E+04  5.086020E+03  8.887536E+03  6.802300E+04  4.681891E+04
1997-05-31  5.530367E+03  4.399280E+01  4.008351E+04  1.165817E+05  4.394812E+04  2.413320E+04  3.149183E+04  5.339014E+04  3.417044E+04  2.614930E+02  2.117389E+05  7.270115E+03  9.603740E+01  7.388860E+01  1.473514E+05  1.353132E+04  2.351434E+05  1.136604E+04  4.630473E+04  2.890190E+03  1.382039E+03  2.582388E+04  4.559511E+04  3.226196E+04  3.586963E+03  3.322257E+04  9.874976E+04  2.109142E+04  4.532333E+04  3.055849E+04  1.989849E+04  1.609262E+05  1.829925E+04  9.323588E+04  6.971792E+02  1.835196E+04  8.654943E+04  7.579868E+03  1.678257E+04  1.316279E+03  4.276446E+03  2.248456E+04  1.271377E+04
1997-06-30  3.337103E+03  3.429000E+01  1.751018E+04  4.101953E+04  2.835217E+04  6.191453E+03  1.030501E+04  1.834055E+04  1.034250E+04  3.584194E+02  7.666886E+04  3.589452E+03  2.278126E+02  2.106168E+02  4.892096E+04  5.327548E+03  8.928313E+04  6.307303E+03  2.054568E+04  1.877949E+03  1.104138E+03  6.025921E+03  1.845374E+04  1.488768E+04  1.545641E+03  1.175083E+04  3.384189E+04  1.346396E+04  2.014703E+04  8.629117E+03  7.512888E+03  5.709488E+04  8.572551E+03  4.606252E+04  4.659376E+02  6.484899E+03  3.847041E+04  2.427021E+03  8.863635E+03  5.581142E+02  1.095883E+03  7.546340E+03  9.363888E+03
1997-07-31  3.039339E+03  4.437380E+01  1.782531E+04  1.970608E+04  1.845340E+04  3.065932E+03  6.933463E+03  7.523734E+03  5.451754E+03  3.882390E+02  3.030581E+04  3.909873E+03  2.065528E+02  2.542540E+02  2.606924E+04  5.794197E+03  3.480831E+04  7.194779E+03  2.201738E+04  2.817724E+03  1.524229E+03  1.711833E+03  6.351905E+03  1.169812E+04  1.507134E+03  5.586451E+03  1.368250E+04  1.076930E+04  2.197466E+04  4.690872E+03  3.573526E+03  2.454191E+04  6.214059E+03  3.271208E+04  5.401310E+02  3.086075E+03  1.637312E+04  1.245235E+03  9.697999E+03  4.911344E+02  8.471662E+02  5.317973E+03  9.981921E+03
1997-08-31  2.557501E+03  4.152900E+01  1.558199E+04  1.026998E+04  1.186353E+04  2.295703E+03  5.743270E+03  4.443374E+03  3.435731E+03  3.548888E+02  1.457051E+04  3.715995E+03  2.130298E+02  2.930398E+02  2.002973E+04  4.853407E+03  1.742455E+04  7.960893E+03  1.906717E+04  2.680081E+03  1.347495E+03  1.131494E+03  2.139086E+03  1.008756E+04  1.571066E+03  4.558208E+03  7.622438E+03  9.519945E+03  2.018474E+04  3.885692E+03  2.421992E+03  1.418763E+04  4.720158E+03  2.458616E+04  4.237990E+02  2.569947E+03  6.560820E+03  7.932166E+02  9.011742E+03  2.497074E+02  5.124450E+02  4.163187E+03  5.963387E+03
1997-09-30  5.601640E+03  4.236720E+01  1.752671E+04  8.185658E+03  1.662887E+04  1.845818E+03  4.333824E+03  6.075299E+03  2.638196E+03  2.949194E+02  1.156437E+04  1.934997E+03  1.544574E+02  1.162558E+02  1.590492E+04  4.155186E+03  1.343165E+04  4.228033E+03  1.028603E+04  1.684630E+03  5.943600E+02  1.107211E+03  1.351966E+03  8.459978E+03  1.282700E+03  3.799688E+03  6.147664E+03  6.156020E+03  1.612217E+04  2.804719E+03  1.828851E+03  1.083394E+04  3.111322E+03  3.120342E+04  1.048842E+03  1.792961E+03  4.846295E+03  6.843776E+02  4.907280E+03  1.886458E+02  4.099560E+02  3.471697E+03  3.892194E+03
1997-10-31  8.211414E+03  1.251204E+02  6.893778E+04  3.963708E+04  2.854635E+04  6.761861E+03  2.566634E+04  9.873259E+03  1.960138E+04  1.567586E+03  2.674127E+04  1.469913E+04  8.066024E+02  1.169035E+03  2.476678E+04  2.648587E+04  3.421855E+04  1.718981E+04  9.215818E+04  1.265893E+04  8.671992E+03  1.350112E+03  8.999474E+03  2.671625E+04  1.075233E+04  2.578100E+04  3.711816E+04  1.289688E+04  1.575247E+05  1.166955E+04  5.485816E+03  4.103789E+04  2.944602E+04  1.011001E+05  2.503018E+03  9.183573E+03  8.732596E+03  1.790344E+03  3.215597E+04  2.643124E+02  7.248906E+02  6.070244E+03  1.078653E+05
1997-11-30  7.507910E+03  1.339596E+02  5.174737E+04  4.996475E+04  2.501829E+04  6.890461E+03  2.383170E+04  8.293887E+03  2.255705E+04  1.677035E+03  3.048980E+04  1.753184E+04  7.962646E+02  9.598660E+02  3.201350E+04  2.641877E+04  5.009728E+04  3.036987E+04  8.348119E+04  1.419903E+04  6.872859E+03  1.212545E+03  7.307148E+03  2.360618E+04  9.745421E+03  2.867243E+04  4.324160E+04  1.921007E+04  9.484657E+04  1.187473E+04  1.033287E+04  5.327223E+04  2.613833E+04  9.881720E+04  2.035912E+03  1.043097E+04  1.334262E+04  4.082415E+03  4.225849E+04  9.964166E+02  3.285134E+03  7.946415E+03  8.350910E+04
1997-12-31  1.636316E+04  4.989576E+02  1.812249E+05  1.814773E+05  5.390139E+04  2.199747E+04  7.397755E+04  2.050547E+04  5.976696E+04  3.262503E+03  1.023029E+05  4.261287E+04  1.310183E+03  1.164717E+03  5.764210E+04  6.535255E+04  1.652845E+05  7.522761E+04  2.113885E+05  3.846060E+04  1.679694E+04  2.033803E+03  2.201669E+04  5.701408E+04  3.154195E+04  8.226384E+04  1.332281E+05  2.927210E+04  3.957772E+05  4.587527E+04  2.613325E+04  1.882003E+05  7.271662E+04  2.127677E+05  5.148174E+03  2.406940E+04  3.344766E+04  1.226325E+04  9.430253E+04  2.759075E+03  8.219364E+03  1.596967E+04  2.540374E+05
1998-01-31  5.794037E+04  1.776730E+03  1.082801E+06  8.244854E+05  3.026263E+05  8.444685E+04  2.428743E+05  1.793222E+05  2.270686E+05  1.128278E+04  8.210086E+05  1.851203E+05  5.094554E+03  5.265090E+03  5.656864E+05  2.491684E+05  1.320671E+06  3.211354E+05  8.826077E+05  1.096478E+05  5.028529E+04  1.075058E+04  3.058824E+05  2.550657E+05  7.553277E+04  3.019873E+05  5.826643E+05  2.000023E+05  1.160222E+06  2.490256E+05  1.529017E+05  1.126442E+06  3.778296E+05  1.131567E+06  2.011738E+04  1.149344E+05  4.775166E+05  5.067351E+04  3.880932E+05  1.573273E+04  4.639480E+04  1.162943E+05  7.431334E+05
1998-02-28  9.612960E+04  3.044139E+03  2.103141E+06  1.460006E+06  6.319816E+05  2.518447E+05  5.428116E+05  9.535411E+05  4.525151E+05  9.935312E+03  2.215814E+06  2.946514E+05  4.541114E+03  3.898036E+03  2.748657E+06  6.221597E+05  2.443635E+06  4.789835E+05  1.583968E+06  1.615144E+05  5.850727E+04  2.653222E+05  6.982521E+05  4.668255E+05  1.075285E+05  4.455253E+05  1.120297E+06  4.134783E+05  1.995741E+06  5.035751E+05  2.467840E+05  1.761337E+06  4.777753E+05  1.731945E+06  3.509510E+04  2.228812E+05  1.034368E+06  1.303007E+05  6.738900E+05  2.465205E+04  6.699453E+04  5.277538E+05  7.177952E+05
1998-03-31  7.285040E+04  2.255241E+03  1.273153E+06  1.227121E+06  4.727198E+05  2.631646E+05  4.554999E+05  8.848075E+05  3.685285E+05  5.610860E+03  2.014450E+06  1.824163E+05  2.252066E+03  2.107413E+03  2.206562E+06  4.711463E+05  2.028126E+06  3.278549E+05  1.094062E+06  1.070530E+05  3.183768E+04  3.274465E+05  5.035920E+05  3.250943E+05  7.856477E+04  3.653118E+05  9.391318E+05  3.488574E+05  1.315023E+06  4.504753E+05  2.098640E+05  1.493265E+06  3.398529E+05  1.549925E+06  1.771670E+04  1.904546E+05  8.816474E+05  1.013324E+05  4.434973E+05  2.297237E+04  4.876198E+04  4.203713E+05  4.942860E+05
1998-04-30  4.171737E+04  7.636256E+02  6.929155E+05  8.314938E+05  2.613989E+05  1.611127E+05  2.873888E+05  4.894992E+05  2.356200E+05  1.405941E+03  1.169370E+06  1.203845E+05  4.015740E+02  5.420360E+02  1.438159E+06  3.091089E+05  1.401394E+06  2.127236E+05  7.000998E+05  6.384580E+04  1.489832E+04  1.762208E+05  3.265231E+05  1.870859E+05  5.119408E+04  2.404008E+05  6.346385E+05  2.095476E+05  8.418541E+05  3.015460E+05  1.451728E+05  1.004404E+06  1.680194E+05  8.584769E+05  7.669352E+03  1.129091E+05  5.072496E+05  5.468318E+04  3.010163E+05  1.219594E+04  3.385358E+04  2.603016E+05  2.118809E+05
1998-05-31  1.928957E+04  5.494782E+02  2.216332E+05  5.043241E+05  1.234799E+05  8.862101E+04  1.474401E+05  2.155585E+05  1.451872E+05  3.314776E+03  7.693907E+05  4.257424E+04  1.590726E+03  9.189212E+02  5.737262E+05  1.470529E+05  8.288989E+05  7.231253E+04  2.467008E+05  1.765041E+04  6.305321E+03  9.874814E+04  1.151960E+05  9.512244E+04  2.460775E+04  1.348398E+05  3.907464E+05  8.525822E+04  2.796096E+05  1.326029E+05  7.891910E+04  5.850188E+05  8.225058E+04  4.484441E+05  2.882341E+03  7.455047E+04  3.456003E+05  3.531212E+04  1.095937E+05  1.048522E+04  3.188868E+04  1.027340E+05  9.286997E+04
1998-06-30  7.183628E+03  3.393694E+02  7.759568E+04  2.820425E+05  5.442697E+04  4.659180E+04  7.379340E+04  7.535149E+04  8.661118E+04  1.276452E+03  4.511989E+05  1.394130E+04  5.958078E+02  2.374646E+02  2.743820E+05  6.450178E+04  4.600181E+05  3.073212E+04  8.973657E+04  6.327978E+03  1.816252E+03  5.089086E+04  5.364503E+04  4.448622E+04  1.275796E+04  7.501207E+04  2.217007E+05  3.906058E+04  1.001710E+05  5.624365E+04  3.871034E+04  3.123764E+05  3.865250E+04  2.346245E+05  9.550908E+02  4.353425E+04  1.775964E+05  2.109841E+04  3.766688E+04  6.116269E+03  2.434567E+04  3.784979E+04  3.530427E+04
1998-07-31  3.552546E+03  4.203700E+01  2.218383E+04  8.273191E+04  3.207136E+04  1.297513E+04  1.680812E+04  3.494984E+04  2.226333E+04  2.525776E+02  1.634423E+05  3.955872E+03  1.171702E+02  6.951980E+01  8.691763E+04  1.080188E+04  1.546316E+05  7.328002E+03  2.567330E+04  2.014220E+03  9.928098E+02  2.058345E+04  2.829761E+04  1.833735E+04  1.816456E+03  2.045559E+04  6.572659E+04  1.560586E+04  2.666401E+04  1.426992E+04  1.124539E+04  1.041320E+05  1.316210E+04  7.571796E+04  5.004054E+02  1.345235E+04  6.866758E+04  6.410655E+03  9.769119E+03  7.938516E+02  3.937076E+03  1.065614E+04  1.017029E+04
1998-08-31  2.309698E+03  2.755900E+01  1.351849E+04  2.181746E+04  1.645328E+04  3.069107E+03  6.141695E+03  1.078550E+04  5.952744E+03  1.309116E+02  4.474931E+04  2.443201E+03  3.533140E+01  1.315720E+01  2.955625E+04  4.268953E+03  4.203636E+04  4.186555E+03  1.247214E+04  1.325296E+03  6.839204E+02  4.078986E+03  7.929270E+03  1.011436E+04  1.140333E+03  5.587848E+03  1.705011E+04  8.615528E+03  1.357165E+04  4.278808E+03  3.247669E+03  2.804533E+04  4.818278E+03  2.892499E+04  3.543808E+02  2.866847E+03  2.499843E+04  1.729232E+03  5.803138E+03  3.390138E+02  7.809230E+02  5.654192E+03  5.121681E+03
1998-09-30  2.061667E+03  3.238500E+01  1.240770E+04  9.148775E+03  1.032485E+04  2.012315E+03  4.861408E+03  4.567250E+03  2.845892E+03  2.325370E+02  1.574678E+04  2.150186E+03  1.433830E+02  1.297432E+02  1.981279E+04  3.616300E+03  1.600517E+04  4.009111E+03  1.130569E+04  1.256792E+03  6.639560E+02  1.382065E+03  2.092020E+03  8.809634E+03  1.001903E+03  3.289071E+03  6.427749E+03  7.617638E+03  1.179109E+04  3.193567E+03  1.521384E+03  1.248059E+04  3.712210E+03  2.232541E+04  2.774950E+02  2.019884E+03  8.735390E+03  7.603998E+02  5.329809E+03  2.745994E+02  5.197856E+02  4.157701E+03  4.333570E+03
1998-10-31  3.127400E+03  5.806440E+01  2.034784E+04  9.322384E+03  1.256726E+04  2.456764E+03  6.387541E+03  3.909949E+03  3.997757E+03  5.558028E+02  1.421031E+04  2.154403E+03  2.927858E+02  2.526030E+02  1.746791E+04  7.132269E+03  1.428953E+04  3.860851E+03  1.387267E+04  1.681836E+03  1.115009E+03  1.105383E+03  1.812188E+03  1.091888E+04  1.616507E+03  4.404538E+03  7.647991E+03  7.140321E+03  1.800517E+04  3.047289E+03  1.835709E+03  1.187036E+04  5.150866E+03  2.879199E+04  6.995922E+02  2.905430E+03  6.160872E+03  9.433052E+02  5.328183E+03  3.164586E+02  6.733032E+02  3.726078E+03  8.386699E+03
1998-11-30  3.548324E+04  9.404604E+02  2.628260E+05  2.012564E+05  1.042026E+05  2.947787E+04  8.766449E+04  4.504116E+04  7.115945E+04  8.933764E+03  1.326255E+05  9.386936E+04  4.294099E+03  4.909439E+03  1.818375E+05  1.309837E+05  2.361389E+05  1.756588E+05  4.591958E+05  7.086488E+04  3.816960E+04  4.388206E+03  5.798091E+04  1.232865E+05  3.332025E+04  9.700428E+04  1.583996E+05  1.097590E+05  4.999760E+05  5.786318E+04  5.705399E+04  2.182622E+05  1.290868E+05  4.711951E+05  9.287180E+03  4.144046E+04  4.559092E+04  1.373449E+04  2.169548E+05  6.035624E+03  1.791769E+04  4.828449E+04  4.477040E+05
1998-12-31  4.072618E+04  1.945081E+03  9.580724E+05  6.483407E+05  2.220342E+05  9.255237E+04  2.300674E+05  2.042930E+05  2.162366E+05  6.255080E+03  5.736234E+05  1.774661E+05  2.145792E+03  1.568374E+03  7.261856E+05  2.630055E+05  1.037052E+06  2.730804E+05  8.740845E+05  9.598594E+04  3.380880E+04  2.089894E+04  3.680252E+05  2.101646E+05  7.071558E+04  2.267729E+05  4.715102E+05  1.522032E+05  9.935776E+05  1.835279E+05  1.198350E+05  8.695562E+05  2.115466E+05  6.782168E+05  1.462415E+04  1.012800E+05  2.616780E+05  4.535193E+04  3.933302E+05  1.138735E+04  2.754404E+04  1.480194E+05  3.440950E+05
1999-01-31  4.571362E+04  1.399362E+03  6.753925E+05  7.635852E+05  2.581462E+05  1.320218E+05  2.518786E+05  3.136198E+05  2.385894E+05  6.849212E+03  9.627475E+05  1.287035E+05  3.230016E+03  2.952953E+03  1.207959E+06  2.918239E+05  1.454588E+06  2.147011E+05  6.887890E+05  7.005330E+04  2.766116E+04  8.073527E+04  2.890586E+05  2.237731E+05  5.168674E+04  2.373781E+05  6.000157E+05  2.038729E+05  7.632995E+05  2.392751E+05  1.488013E+05  1.028235E+06  2.231144E+05  7.902234E+05  1.182362E+04  1.262487E+05  4.214168E+05  5.478869E+04  3.124398E+05  1.315583E+04  4.305564E+04  2.276784E+05  3.960496E+05
1999-02-28  8.607491E+04  2.184222E+03  1.478599E+06  1.216599E+06  5.218758E+05  2.651992E+05  4.616300E+05  7.266207E+05  4.141768E+05  6.429375E+03  1.640950E+06  2.824928E+05  2.995447E+03  4.498950E+03  2.613586E+06  4.439514E+05  2.414123E+06  4.569863E+05  1.416437E+06  1.469911E+05  5.538333E+04  2.434038E+05  5.950126E+05  4.207804E+05  8.993457E+04  4.261121E+05  1.041858E+06  4.285521E+05  1.635564E+06  4.899543E+05  2.574437E+05  1.676515E+06  4.043481E+05  1.227848E+06  2.740226E+04  2.042859E+05  6.283059E+05  8.335180E+04  6.152195E+05  1.527058E+04  3.538974E+04  5.228861E+05  5.805774E+05
1999-03-31  7.757869E+04  1.342746E+03  1.190809E+06  1.016338E+06  4.406125E+05  2.311141E+05  4.103788E+05  8.837874E+05  3.220788E+05  4.062832E+03  1.337590E+06  2.181096E+05  1.220267E+03  1.746453E+03  2.394178E+06  3.938777E+05  1.888714E+06  3.927667E+05  1.234669E+06  1.279074E+05  3.764079E+04  3.068941E+05  5.085438E+05  3.614105E+05  7.515929E+04  3.435344E+05  8.401808E+05  4.073983E+05  1.488903E+06  4.692160E+05  2.156026E+05  1.345711E+06  3.297472E+05  1.139932E+06  1.799453E+04  1.595363E+05  5.263980E+05  6.610093E+04  5.101391E+05  1.372304E+04  2.327232E+04  4.548060E+05  4.813623E+05
1999-04-30  3.252831E+04  2.245106E+02  4.494177E+05  5.406622E+05  1.766543E+05  1.179298E+05  2.077731E+05  3.651322E+05  1.674941E+05  9.781540E+02  7.304433E+05  7.725634E+04  2.487422E+02  3.544570E+02  9.233653E+05  1.599459E+05  9.914896E+05  1.503110E+05  4.579480E+05  4.481772E+04  1.195205E+04  1.323123E+05  1.780357E+05  1.594587E+05  3.765144E+04  1.849991E+05  4.508791E+05  1.566899E+05  6.325265E+05  2.488113E+05  1.116951E+05  7.343151E+05  1.309316E+05  6.038121E+05  5.027270E+03  7.613510E+04  3.023706E+05  3.202793E+04  1.805692E+05  7.137730E+03  1.281415E+04  1.714866E+05  1.890058E+05
1999-05-31  1.073549E+04  3.147060E+01  1.335198E+05  2.146209E+05  7.019196E+04  4.436072E+04  6.655201E+04  1.214104E+05  5.972719E+04  3.495802E+02  3.346932E+05  1.792178E+04  6.972300E+01  3.230880E+01  3.247574E+05  4.230601E+04  4.235166E+05  3.141010E+04  1.234247E+05  6.490538E+03  2.255164E+03  6.031537E+04  5.455910E+04  6.658282E+04  7.851394E+03  6.638793E+04  1.812415E+05  4.604385E+04  1.433529E+05  8.769320E+04  3.881288E+04  2.864183E+05  4.476372E+04  2.763292E+05  1.135456E+03  2.915707E+04  1.218531E+05  1.138215E+04  4.170743E+04  1.748739E+03  3.504489E+03  5.799907E+04  3.854574E+04
1999-06-30  4.344797E+03  2.321560E+01  3.767910E+04  6.945968E+04  3.753137E+04  1.138182E+04  1.694833E+04  4.878111E+04  1.689682E+04  2.173478E+02  1.280172E+05  4.829581E+03  4.653280E+01  1.496060E+01  1.045252E+05  8.791448E+03  1.535455E+05  8.809939E+03  3.503364E+04  2.680894E+03  1.266622E+03  2.144339E+04  2.977124E+04  2.681453E+04  1.878076E+03  1.790855E+04  5.823920E+04  1.733024E+04  3.761544E+04  2.077128E+04  1.185456E+04  1.057251E+05  1.597452E+04  1.012483E+05  5.915660E+02  7.912633E+03  5.636834E+04  3.004261E+03  1.127717E+04  4.841240E+02  7.931912E+02  1.499387E+04  1.200788E+04
1999-07-31  2.832227E+03  1.907540E+01  1.623131E+04  2.025713E+04  2.283498E+04  3.226232E+03  6.859702E+03  2.085533E+04  5.439689E+03  1.594104E+02  3.721204E+04  2.825928E+03  3.710940E+01  1.201420E+01  3.575362E+04  4.178173E+03  4.802601E+04  4.891583E+03  1.514622E+04  1.697634E+03  8.839708E+02  5.952541E+03  1.045759E+04  1.331915E+04  1.332636E+03  5.768010E+03  1.598694E+04  9.753067E+03  1.681061E+04  5.715533E+03  3.576803E+03  3.340532E+04  6.220384E+03  3.811415E+04  4.109212E+02  2.082444E+03  2.136374E+04  9.554464E+02  6.581699E+03  3.047746E+02  4.672330E+02  6.580251E+03  5.962447E+03
1999-08-31  3.053359E+03  1.620520E+01  1.298562E+04  8.809304E+03  1.358438E+04  1.945132E+03  4.549470E+03  6.952463E+03  2.513000E+03  1.652778E+02  1.261367E+04  2.264054E+03  7.279640E+01  7.419340E+01  2.209556E+04  3.181071E+03  1.748909E+04  4.160926E+03  1.133506E+04  1.241374E+03  6.900672E+02  1.717777E+03  2.580665E+03  9.396120E+03  9.965436E+02  3.521405E+03  6.073038E+03  9.259926E+03  1.128512E+04  3.715944E+03  1.715008E+03  1.363033E+04  3.374898E+03  4.944194E+04  7.056628E+02  1.747571E+03  7.063638E+03  6.216904E+02  5.903697E+03  2.123948E+02  3.465576E+02  4.720946E+03  4.206824E+03
1999-09-30  1.704340E+03  1.272540E+01  1.057750E+04  5.813095E+03  8.377504E+03  1.416279E+03  3.293745E+03  3.983584E+03  1.765808E+03  9.017000E+01  8.264576E+03  1.580490E+03  2.346960E+01  8.026400E+00  1.624589E+04  2.511704E+03  1.086962E+04  2.585898E+03  7.933665E+03  8.870188E+02  4.828286E+02  1.158850E+03  1.490599E+03  7.504582E+03  7.430008E+02  2.336546E+03  4.214876E+03  4.631766E+03  8.492769E+03  2.409800E+03  9.743440E+02  8.398383E+03  2.401113E+03  1.456342E+04  2.494026E+02  9.004808E+02  4.093743E+03  4.500118E+02  3.695573E+03  1.556004E+02  2.772410E+02  3.648862E+03  2.889352E+03
1999-10-31  5.156683E+03  1.068578E+02  2.756487E+04  1.160328E+04  1.820136E+04  3.172028E+03  8.969985E+03  6.826987E+03  5.104257E+03  1.102487E+03  1.542527E+04  7.199757E+03  6.023610E+02  7.018274E+02  2.628181E+04  1.352418E+04  1.508478E+04  1.215100E+04  4.063779E+04  5.426227E+03  3.918433E+03  1.300836E+03  4.115486E+03  1.883715E+04  2.603525E+03  6.596202E+03  9.802419E+03  1.256081E+04  3.820793E+04  4.419575E+03  2.885694E+03  1.321928E+04  1.598963E+04  6.407833E+04  1.010564E+03  3.843680E+03  6.096406E+03  1.165098E+03  1.757301E+04  2.628392E+02  4.142486E+02  6.524422E+03  4.781177E+04
1999-11-30  6.744995E+03  5.349240E+02  6.446764E+04  5.775307E+04  2.322299E+04  1.483545E+04  4.110157E+04  7.271563E+03  3.004683E+04  2.992984E+03  5.836331E+04  1.932379E+04  1.297635E+03  7.955788E+02  2.516335E+04  4.830084E+04  5.490030E+04  3.394436E+04  9.353238E+04  1.704599E+04  7.730769E+03  1.313078E+03  8.935288E+03  2.062714E+04  1.483418E+04  3.395546E+04  5.254813E+04  1.750362E+04  1.363403E+05  1.416017E+04  1.311943E+04  5.795734E+04  1.856781E+04  9.744126E+04  2.580462E+03  1.533055E+04  2.579085E+04  8.053527E+03  4.534299E+04  1.488313E+03  2.406523E+03  6.053404E+03  6.172787E+04
1999-12-31  8.526831E+03  9.573514E+02  9.359631E+04  1.402735E+05  2.767482E+04  2.974523E+04  7.266328E+04  1.216398E+04  6.482118E+04  3.303626E+03  1.359006E+05  3.636533E+04  1.229385E+03  6.858254E+02  5.038029E+04  6.828379E+04  1.432983E+05  6.346787E+04  1.589146E+05  2.722850E+04  1.128469E+04  1.706753E+03  1.744622E+04  3.019278E+04  2.511943E+04  6.409210E+04  1.086356E+05  2.647894E+04  1.816822E+05  2.804754E+04  2.726695E+04  1.419641E+05  2.591852E+04  1.112749E+05  2.747569E+03  2.945595E+04  5.689890E+04  1.894114E+04  8.540948E+04  4.445356E+03  7.669962E+03  1.473431E+04  8.578266E+04
2000-01-31  3.435787E+04  1.410691E+03  4.746889E+05  4.556284E+05  1.394943E+05  6.168893E+04  1.393672E+05  5.098682E+04  1.422387E+05  7.922133E+03  4.778864E+05  1.192056E+05  3.474263E+03  3.758997E+03  2.294045E+05  1.556196E+05  6.618583E+05  2.003468E+05  5.508441E+05  7.234885E+04  3.594133E+04  5.041951E+03  2.069485E+05  1.327949E+05  4.253901E+04  1.515007E+05  3.154855E+05  1.146204E+05  5.383516E+05  9.521314E+04  9.301861E+04  5.792227E+05  1.455342E+05  5.044555E+05  9.548952E+03  8.033789E+04  2.539830E+05  4.105646E+04  2.628283E+05  1.211326E+04  2.981805E+04  5.833989E+04  3.947632E+05
2000-02-29  3.420636E+04  1.329106E+03  7.914281E+05  6.968846E+05  2.520053E+05  1.033787E+05  2.104770E+05  2.287343E+05  2.020011E+05  5.005172E+03  9.806343E+05  1.217348E+05  2.267763E+03  1.965731E+03  5.477284E+05  2.570953E+05  1.233654E+06  1.918667E+05  6.366621E+05  6.444110E+04  2.209091E+04  1.606588E+04  3.031858E+05  1.489302E+05  5.076896E+04  2.024114E+05  4.842261E+05  1.172742E+05  6.905434E+05  1.640402E+05  1.229760E+05  8.904211E+05  1.601674E+05  6.454867E+05  1.228687E+04  1.030999E+05  4.674921E+05  5.786486E+04  2.877937E+05  1.217275E+04  3.929596E+04  1.049236E+05  2.659979E+05
2000-03-31  2.942902E+04  1.209802E+03  7.405727E+05  6.976873E+05  2.154720E+05  1.385037E+05  2.352579E+05  3.657103E+05  2.177585E+05  3.352114E+03  1.087474E+06  1.071622E+05  1.190092E+03  4.676648E+02  9.671642E+05  3.056949E+05  1.200435E+06  1.797176E+05  5.810777E+05  5.738007E+04  1.334628E+04  1.023973E+05  2.599788E+05  1.358482E+05  4.944506E+04  1.963712E+05  5.431627E+05  1.472898E+05  7.101400E+05  1.946398E+05  1.250470E+05  8.359814E+05  1.454652E+05  7.068486E+05  9.714205E+03  1.045767E+05  4.865840E+05  5.964260E+04  2.559970E+05  1.260297E+04  4.121064E+04  1.713345E+05  1.804277E+05
2000-04-30  1.734261E+04  4.141724E+02  2.624412E+05  3.975716E+05  1.122569E+05  7.695844E+04  1.257063E+05  1.581700E+05  1.280733E+05  2.480208E+03  6.342868E+05  4.801370E+04  1.193749E+03  1.213587E+03  4.664557E+05  1.306522E+05  7.165627E+05  8.661179E+04  2.755752E+05  2.878272E+04  1.090374E+04  7.332213E+04  1.008358E+05  8.589658E+04  2.538987E+04  1.224641E+05  3.254460E+05  8.061635E+04  3.447066E+05  1.120246E+05  7.638268E+04  4.970391E+05  8.077190E+04  3.930462E+05  3.803167E+03  6.134857E+04  2.779318E+05  3.133799E+04  1.137358E+05  8.427923E+03  2.205716E+04  7.696225E+04  1.120957E+05
2000-05-31  7.888148E+03  8.509000E+01  1.063665E+05  2.288877E+05  5.992251E+04  3.814966E+04  6.035004E+04  7.672781E+04  7.447125E+04  6.076696E+02  3.635735E+05  1.566611E+04  4.460240E+02  4.445254E+02  2.323896E+05  4.628340E+04  4.144480E+05  3.303636E+04  1.081146E+05  9.244381E+03  2.824683E+03  4.537105E+04  5.891967E+04  4.668307E+04  1.268418E+04  7.109148E+04  1.850776E+05  3.710673E+04  1.564676E+05  5.551714E+04  4.148000E+04  2.929747E+05  4.150921E+04  2.164029E+05  1.408532E+03  3.231330E+04  1.433357E+05  1.601511E+04  3.555238E+04  3.144672E+03  1.075162E+04  3.007053E+04  4.931301E+04
2000-06-30  3.473272E+03  2.773680E+01  2.722220E+04  7.337148E+04  3.302485E+04  1.152967E+04  1.530789E+04  3.487103E+04  2.176671E+04  1.578356E+02  1.414365E+05  4.116273E+03  1.010412E+02  1.470660E+02  7.491103E+04  8.576488E+03  1.533489E+05  8.103819E+03  2.906100E+04  2.074748E+03  9.115552E+02  1.710756E+04  3.244276E+04  1.881767E+04  1.718920E+03  2.308415E+04  6.118746E+04  1.541963E+04  3.433138E+04  1.755539E+04  1.350251E+04  1.025921E+05  1.373800E+04  7.131268E+04  5.526786E+02  1.196091E+04  6.416215E+04  5.259654E+03  9.702622E+03  5.777738E+02  2.099589E+03  8.923934E+03  9.250604E+03
2000-07-31  2.762453E+03  3.375660E+01  1.960481E+04  2.414275E+04  2.109470E+04  2.824912E+03  5.711901E+03  1.209429E+04  6.532118E+03  2.078228E+02  4.860867E+04  2.506091E+03  1.506982E+02  1.376172E+02  2.920472E+04  4.090289E+03  4.989566E+04  4.218305E+03  1.505265E+04  1.474368E+03  8.231886E+02  4.435983E+03  1.037255E+04  1.202908E+04  7.615936E+02  7.315251E+03  1.996656E+04  9.254973E+03  2.252772E+04  5.419827E+03  4.608652E+03  3.200529E+04  6.860946E+03  3.106148E+04  5.259324E+02  3.938473E+03  2.746802E+04  1.795831E+03  6.163818E+03  3.893312E+02  7.518146E+02  5.283962E+03  1.095568E+04
2000-08-31  1.758823E+03  1.752600E+01  1.172276E+04  8.820963E+03  9.992208E+03  1.592148E+03  3.224632E+03  4.756455E+03  2.467331E+03  5.798820E+01  1.359883E+04  1.680642E+03  2.303780E+01  2.484120E+01  1.895325E+04  2.718968E+03  1.503698E+04  2.842768E+03  8.769071E+03  8.985758E+02  4.355846E+02  1.544371E+03  2.389454E+03  7.914564E+03  5.545328E+02  2.322195E+03  5.903620E+03  6.015863E+03  9.394114E+03  2.717952E+03  1.430401E+03  1.158702E+04  2.921127E+03  1.504541E+04  2.800096E+02  1.102335E+03  8.358759E+03  5.825490E+02  3.908019E+03  1.839722E+02  4.091178E+02  3.968039E+03  2.956255E+03
2000-09-30  1.468349E+03  1.409700E+01  1.004407E+04  5.243373E+03  7.537704E+03  1.171473E+03  2.447366E+03  3.494481E+03  1.451153E+03  5.295900E+01  7.610526E+03  1.319022E+03  2.303780E+01  8.305800E+00  1.479283E+04  2.221459E+03  9.210396E+03  2.129384E+03  6.791198E+03  6.805422E+02  3.364230E+02  1.131595E+03  1.400480E+03  6.583477E+03  4.326890E+02  1.683588E+03  3.606241E+03  4.160241E+03  7.231532E+03  1.975155E+03  8.192262E+02  6.726606E+03  2.118335E+03  1.118293E+04  2.169160E+02  8.075676E+02  3.952265E+03  4.191254E+02  3.056052E+03  1.350772E+02  3.087116E+02  3.190646E+03  2.205279E+03
2000-10-31  6.004331E+03  1.149096E+02  4.923150E+04  2.282391E+04  2.191548E+04  3.997198E+03  1.338042E+04  6.966839E+03  9.560027E+03  1.279347E+03  1.786385E+04  1.266716E+04  7.021068E+02  9.330944E+02  2.264044E+04  1.687177E+04  2.734379E+04  2.563259E+04  6.849019E+04  1.364318E+04  6.322238E+03  1.320521E+03  5.884469E+03  2.192122E+04  6.343752E+03  1.614769E+04  2.102254E+04  1.741510E+04  1.011104E+05  9.609277E+03  7.821143E+03  2.893075E+04  1.888658E+04  6.593098E+04  1.867560E+03  5.232222E+03  6.635471E+03  1.353083E+03  2.785016E+04  2.030984E+02  6.071108E+02  5.197450E+03  6.468341E+04
2000-11-30  3.455162E+03  1.060704E+02  3.389805E+04  3.823962E+04  1.362639E+04  7.009486E+03  1.939638E+04  4.234180E+03  1.848335E+04  6.229350E+02  2.771381E+04  6.329426E+03  2.467102E+02  3.892804E+02  1.538549E+04  1.533903E+04  4.153758E+04  9.272803E+03  3.857452E+04  6.306033E+03  2.699588E+03  1.041070E+03  4.351477E+03  1.218253E+04  8.827110E+03  2.492324E+04  3.674100E+04  6.233947E+03  7.896621E+04  1.104753E+04  9.219717E+03  4.522970E+04  1.051646E+04  3.242826E+04  1.078814E+03  7.652969E+03  1.078875E+04  2.692527E+03  1.498778E+04  2.305812E+02  9.136634E+02  3.400882E+03  3.668827E+04
2000-12-31  5.829579E+03  2.345436E+02  5.444675E+04  6.507881E+04  2.017690E+04  1.194250E+04  3.434964E+04  8.818677E+03  3.065785E+04  1.623873E+03  4.521515E+04  2.100047E+04  6.431534E+02  6.222746E+02  3.253095E+04  3.042392E+04  7.676972E+04  3.884971E+04  9.587829E+04  1.824391E+04  7.815961E+03  1.430985E+03  9.456826E+03  2.084322E+04  1.405539E+04  4.040746E+04  5.978037E+04  1.856821E+04  1.301668E+05  1.961660E+04  1.703532E+04  8.242932E+04  1.905798E+04  7.363389E+04  1.952092E+03  1.335105E+04  1.715473E+04  4.980102E+03  4.886919E+04  8.371078E+02  1.673454E+03  8.421192E+03  6.940032E+04
2001-01-31  1.186343E+04  3.393694E+02  1.135763E+05  1.297713E+05  3.959022E+04  1.829046E+04  5.302880E+04  1.398941E+04  4.978839E+04  2.284882E+03  7.007083E+04  3.174464E+04  1.070280E+03  1.165504E+03  4.903186E+04  4.457672E+04  1.666629E+05  6.377737E+04  1.505831E+05  2.627930E+04  1.158476E+04  1.782801E+03  1.658760E+04  3.873919E+04  2.063900E+04  6.047262E+04  9.444355E+04  3.282564E+04  2.186765E+05  3.351886E+04  3.045092E+04  1.614073E+05  5.156256E+04  1.511523E+05  3.365525E+03  2.087954E+04  2.533028E+04  8.144408E+03  7.413521E+04  2.041423E+03  3.444037E+03  1.363182E+04  1.632868E+05
2001-02-28  1.355326E+04  3.007360E+02  1.998146E+05  1.938998E+05  4.740496E+04  2.076282E+04  6.387945E+04  1.704505E+04  6.345519E+04  1.366977E+03  1.029675E+05  4.146441E+04  6.625844E+02  1.143737E+03  4.106121E+04  3.460905E+04  3.004792E+05  7.333021E+04  2.014265E+05  3.024383E+04  1.222604E+04  1.740052E+03  2.684823E+04  4.793798E+04  2.351138E+04  7.723696E+04  1.355159E+05  2.771295E+04  2.958928E+05  5.634017E+04  4.329664E+04  2.772595E+05  5.955045E+04  1.566942E+05  4.335247E+03  2.390678E+04  3.412297E+04  1.140450E+04  8.887882E+04  2.517953E+03  4.570095E+03  1.066549E+04  1.395535E+05
2001-03-31  1.120783E+04  6.752590E+02  2.838385E+05  2.762684E+05  5.242499E+04  3.072105E+04  8.598931E+04  1.939894E+04  9.097993E+04  2.588260E+03  2.287485E+05  4.399554E+04  1.121512E+03  7.435342E+02  4.260113E+04  6.522786E+04  4.793254E+05  7.388819E+04  2.376770E+05  2.741574E+04  8.237449E+03  1.784452E+03  1.040715E+05  4.992144E+04  2.701381E+04  9.477393E+04  1.921471E+05  2.512786E+04  3.511319E+05  7.490351E+04  5.351386E+04  3.772399E+05  6.902958E+04  2.299676E+05  3.869385E+03  3.853376E+04  1.011600E+05  2.001332E+04  9.045704E+04  5.875020E+03  1.279332E+04  7.801051E+03  9.312305E+04
2001-04-30  4.814697E+03  9.202420E+01  1.104561E+05  1.667931E+05  4.102425E+04  1.503845E+04  3.968382E+04  2.173945E+04  5.193637E+04  4.080002E+02  1.844763E+05  1.213241E+04  2.436114E+02  2.328926E+02  2.532169E+04  2.282810E+04  3.084401E+05  1.735602E+04  7.930441E+04  3.427781E+03  1.090574E+03  1.166901E+03  5.502961E+04  2.717290E+04  1.041524E+04  5.358046E+04  1.170919E+05  9.553270E+03  1.216802E+05  3.841740E+04  3.070746E+04  2.276056E+05  2.885430E+04  1.220601E+05  1.087476E+03  2.158114E+04  9.231259E+04  1.190635E+04  2.609929E+04  2.353412E+03  3.981018E+03  3.822649E+03  1.902546E+04
2001-05-31  2.694737E+03  4.564380E+01  3.263534E+04  6.774378E+04  2.765781E+04  5.780786E+03  1.188400E+04  1.446101E+04  1.875160E+04  3.030728E+02  1.096654E+05  3.279775E+03  1.798574E+02  1.087882E+02  1.766740E+04  8.864397E+03  1.436968E+05  4.972660E+03  2.422378E+04  1.281430E+03  4.517390E+02  1.074801E+03  3.179183E+04  1.418516E+04  1.434744E+03  2.116059E+04  5.176586E+04  6.329299E+03  3.493150E+04  1.506878E+04  1.293330E+04  9.398030E+04  1.240958E+04  5.376908E+04  5.175758E+02  1.156338E+04  6.053079E+04  5.756300E+03  7.683881E+03  5.935472E+02  1.656867E+03  3.201543E+03  6.364300E+03
2001-06-30  1.745488E+03  1.391920E+01  1.332725E+04  2.257953E+04  1.364404E+04  1.276477E+03  3.271749E+03  4.856353E+03  5.392623E+03  4.345940E+01  4.009131E+04  1.553896E+03  1.739900E+01  3.837940E+01  1.318920E+04  2.841676E+03  4.597263E+04  2.497887E+03  9.832823E+03  7.673086E+02  2.732278E+02  9.734296E+02  8.695360E+03  7.778064E+03  3.810508E+02  5.744413E+03  1.790367E+04  4.045382E+03  1.219398E+04  3.773576E+03  4.437126E+03  2.722898E+04  4.319524E+03  1.904715E+04  3.153918E+02  3.131490E+03  2.488110E+04  1.645844E+03  3.689274E+03  1.190498E+02  3.005074E+02  2.632456E+03  3.159252E+03
2001-07-31  4.280357E+03  1.305560E+01  3.207210E+04  1.379596E+04  1.712412E+04  1.008177E+03  4.382313E+03  5.231790E+03  2.959379E+03  1.354836E+02  1.377508E+04  4.125493E+03  1.117854E+02  4.879594E+02  1.482674E+04  2.768371E+03  1.770545E+04  5.932805E+03  3.172094E+04  3.682238E+03  1.895246E+03  1.053236E+03  3.653790E+03  1.298923E+04  1.685011E+03  4.821936E+03  9.763328E+03  6.732499E+03  4.600880E+04  3.592297E+03  2.402281E+03  1.474521E+04  1.038093E+04  3.244548E+04  1.235685E+03  1.284300E+03  8.559978E+03  4.317238E+02  1.093683E+04  1.056132E+02  3.094990E+02  2.856509E+03  2.983037E+04
2001-08-31  1.191895E+03  1.031240E+01  9.719259E+03  4.847260E+03  6.843370E+03  7.855458E+02  1.652219E+03  3.030525E+03  1.071016E+03  3.218180E+01  6.311671E+03  1.032307E+03  1.333500E+01  7.467600E+00  1.117780E+04  1.921993E+03  8.455254E+03  1.596492E+03  5.994578E+03  5.219700E+02  2.037842E+02  9.485376E+02  1.286383E+03  5.617642E+03  2.981960E+02  1.247546E+03  3.162732E+03  2.727477E+03  6.707581E+03  1.609014E+03  7.131050E+02  6.067679E+03  1.966773E+03  8.837854E+03  2.157476E+02  5.593334E+02  3.433039E+03  2.838196E+02  2.449500E+03  8.506460E+01  2.310638E+02  2.343506E+03  1.938249E+03
2001-09-30  2.080285E+03  4.584700E+01  1.723476E+04  6.922237E+03  9.530207E+03  1.491158E+03  3.828923E+03  2.952064E+03  2.705151E+03  3.895598E+02  8.979713E+03  2.004517E+03  2.191004E+02  2.035048E+02  1.130717E+04  5.225491E+03  9.097874E+03  3.494303E+03  1.200158E+04  1.723390E+03  8.113776E+02  9.172702E+02  1.479296E+03  7.680808E+03  1.356665E+03  3.617798E+03  5.944311E+03  4.443070E+03  1.899458E+04  2.207082E+03  1.309167E+03  7.776210E+03  6.234379E+03  2.096265E+04  5.167630E+02  1.954708E+03  3.899052E+03  5.951474E+02  4.900066E+03  7.556500E+01  2.082292E+02  2.329815E+03  1.417396E+04
2001-10-31  1.284097E+03  1.127760E+01  1.025050E+04  4.034333E+03  6.774536E+03  7.517638E+02  1.763268E+03  2.626690E+03  1.215771E+03  7.109460E+01  5.629605E+03  8.605520E+02  4.465320E+01  4.041140E+01  1.015576E+04  2.072284E+03  6.953225E+03  1.333094E+03  5.259476E+03  4.494530E+02  2.075942E+02  9.177528E+02  1.026820E+03  5.681878E+03  5.331714E+02  1.581226E+03  3.328340E+03  2.556459E+03  7.118528E+03  1.374267E+03  6.489446E+02  5.179136E+03  1.856384E+03  8.960993E+03  2.242820E+02  7.291578E+02  2.874289E+03  2.629408E+02  2.075256E+03  7.632700E+01  2.094484E+02  2.127961E+03  1.863293E+03
2001-11-30  1.589240E+04  5.324348E+02  1.199181E+05  5.105019E+04  5.280906E+04  1.478054E+04  4.253316E+04  1.858312E+04  2.687930E+04  4.703851E+03  5.730522E+04  3.181916E+04  2.355647E+03  2.123618E+03  6.677315E+04  6.201890E+04  4.794189E+04  6.160044E+04  1.551735E+05  2.659499E+04  1.521795E+04  2.098878E+03  2.103026E+04  4.958395E+04  1.448074E+04  3.268284E+04  4.666204E+04  4.374139E+04  1.931142E+05  1.594752E+04  1.364094E+04  5.102443E+04  6.980746E+04  2.658737E+05  4.540987E+03  1.692049E+04  1.825887E+04  5.685714E+03  7.650251E+04  9.263634E+02  1.589862E+03  1.753558E+04  2.449336E+05
2001-12-31  2.387694E+04  1.768018E+03  4.839663E+05  3.024360E+05  8.051503E+04  6.747952E+04  1.517853E+05  3.118000E+04  1.337920E+05  6.668694E+03  3.434648E+05  8.653013E+04  2.806446E+03  1.982724E+03  1.778042E+05  1.364290E+05  3.164646E+05  1.501295E+05  3.624993E+05  5.505793E+04  2.482680E+04  3.238957E+03  4.918911E+04  8.141886E+04  4.718398E+04  1.311856E+05  2.583612E+05  7.685801E+04  3.900747E+05  6.658757E+04  6.221606E+04  2.946243E+05  8.399394E+04  3.501181E+05  9.733178E+03  7.440214E+04  1.113245E+05  3.258637E+04  1.934803E+05  8.250555E+03  1.705199E+04  4.409311E+04  2.185030E+05
2002-01-31  3.788796E+04  1.305535E+03  1.104993E+06  6.331918E+05  2.701016E+05  9.682561E+04  2.130142E+05  2.778882E+05  1.921142E+05  4.470806E+03  7.007144E+05  1.310111E+05  1.821739E+03  1.997380E+03  7.699413E+05  2.357846E+05  1.073314E+06  2.305757E+05  6.435989E+05  7.387811E+04  2.590424E+04  1.714264E+04  3.143620E+05  1.423733E+05  5.711947E+04  2.071056E+05  4.323781E+05  1.437886E+05  7.305729E+05  1.653798E+05  1.229529E+05  8.664454E+05  1.990327E+05  7.113660E+05  1.517658E+04  9.615340E+04  3.620996E+05  4.609239E+04  3.159199E+05  9.021166E+03  2.069341E+04  1.323566E+05  3.602703E+05
2002-02-28  2.244682E+04  5.951474E+02  5.454104E+05  4.886425E+05  1.627916E+05  8.959878E+04  1.594309E+05  2.335422E+05  1.409031E+05  1.787017E+03  7.380133E+05  7.150486E+04  7.994396E+02  7.263130E+02  7.994527E+05  1.837003E+05  9.093001E+05  1.165655E+05  3.993006E+05  3.522137E+04  8.870163E+03  7.637234E+04  2.010452E+05  9.435160E+04  3.326920E+04  1.416990E+05  3.443856E+05  1.042123E+05  4.668845E+05  1.434726E+05  9.254853E+04  6.413816E+05  1.025551E+05  4.600172E+05  7.529017E+03  7.063191E+04  3.248529E+05  3.372935E+04  1.856125E+05  5.404333E+03  1.653403E+04  1.461029E+05  1.141454E+05
2002-03-31  1.353939E+04  1.925320E+02  3.090311E+05  3.627349E+05  1.018670E+05  7.285944E+04  1.153187E+05  1.693978E+05  1.060088E+05  2.377948E+02  6.184692E+05  3.310230E+04  8.671560E+01  1.434592E+02  5.091966E+05  1.002852E+05  6.776983E+05  5.036696E+04  2.100396E+05  1.285695E+04  1.933931E+03  7.107880E+04  1.210069E+05  6.455844E+04  1.893133E+04  1.013986E+05  2.656867E+05  6.229746E+04  2.303472E+05  1.055463E+05  6.657607E+04  4.629178E+05  5.929381E+04  2.935048E+05  2.841879E+03  4.863922E+04  2.945161E+05  2.473035E+04  8.824115E+04  3.809848E+03  1.415057E+04  9.621017E+04  4.286024E+04
2002-04-30  8.165643E+03  5.082540E+01  1.129392E+05  1.704617E+05  5.901980E+04  3.348048E+04  4.470725E+04  7.566137E+04  4.613974E+04  4.698492E+02  3.250732E+05  1.099853E+04  3.276092E+02  5.761736E+02  2.278630E+05  3.050535E+04  3.356178E+05  1.657619E+04  8.521129E+04  4.412666E+03  1.839036E+03  3.972987E+04  5.230553E+04  3.859822E+04  4.197706E+03  4.575957E+04  1.267342E+05  3.236775E+04  7.596025E+04  4.550232E+04  3.113273E+04  2.240861E+05  3.033992E+04  1.581979E+05  1.031926E+03  2.402439E+04  1.522569E+05  1.061969E+04  2.884175E+04  1.466317E+03  4.552594E+03  3.699896E+04  2.885242E+04
2002-05-31  5.052543E+03  9.443720E+01  5.646819E+04  1.063045E+05  4.311162E+04  1.630423E+04  2.358591E+04  5.204463E+04  2.800764E+04  7.319010E+02  1.971600E+05  1.219284E+04  3.065272E+02  2.778252E+02  1.164528E+05  1.890382E+04  2.060010E+05  2.149879E+04  6.975566E+04  8.741613E+03  4.180713E+03  1.958744E+04  4.983688E+04  2.469297E+04  4.766589E+03  3.086273E+04  7.659136E+04  1.971469E+04  6.729153E+04  2.160925E+04  1.893430E+04  1.431397E+05  2.249028E+04  1.009445E+05  1.272134E+03  1.352299E+04  8.623026E+04  5.566842E+03  2.791803E+04  1.305662E+03  3.556813E+03  1.714076E+04  3.718707E+04
2002-06-30  2.060575E+03  1.668780E+01  1.490086E+04  3.239376E+04  2.279706E+04  3.205277E+03  5.326786E+03  1.804025E+04  6.972021E+03  5.120640E+01  6.979635E+04  1.935658E+03  2.047240E+01  1.752600E+01  3.472858E+04  3.237586E+03  6.859478E+04  3.286125E+03  1.167928E+04  1.013308E+03  3.721100E+02  4.699432E+03  1.790466E+04  9.558452E+03  5.280660E+02  7.614996E+03  2.313394E+04  7.829906E+03  1.126447E+04  5.063719E+03  5.660187E+03  4.143761E+04  5.915152E+03  2.820058E+04  3.377184E+02  3.375635E+03  4.395252E+04  1.407820E+03  4.708804E+03  1.963420E+02  6.054344E+02  5.547055E+03  3.907130E+03
2002-07-31  1.653286E+03  1.422400E+01  1.163389E+04  1.190534E+04  1.202731E+04  1.526819E+03  3.043733E+03  5.758434E+03  2.652751E+03  7.729220E+01  1.967616E+04  1.460906E+03  5.392420E+01  4.947920E+01  1.906501E+04  2.499233E+03  1.948721E+04  2.462809E+03  8.101203E+03  7.743444E+02  3.309874E+02  1.629664E+03  4.182085E+03  7.253097E+03  4.379214E+02  2.415946E+03  6.816776E+03  6.057849E+03  8.402117E+03  2.660040E+03  1.898117E+03  1.384572E+04  3.284931E+03  1.629689E+04  2.614168E+02  1.327455E+03  1.509187E+04  5.179060E+02  3.576752E+03  1.439164E+02  3.287522E+02  3.923030E+03  3.018053E+03
2002-08-31  1.252982E+03  1.173480E+01  9.429242E+03  5.449189E+03  7.518197E+03  1.078967E+03  2.147494E+03  3.533953E+03  1.335151E+03  3.441700E+01  7.341184E+03  1.134745E+03  1.417320E+01  6.883400E+00  1.460815E+04  1.985493E+03  8.638870E+03  1.862607E+03  6.019876E+03  5.865114E+02  2.411984E+02  1.204773E+03  1.587602E+03  5.849366E+03  3.429254E+02  1.482090E+03  3.371723E+03  3.989959E+03  6.299378E+03  1.815262E+03  7.833106E+02  6.486220E+03  1.992960E+03  1.016579E+04  2.021332E+02  7.091172E+02  4.608449E+03  3.727196E+02  2.728925E+03  1.086612E+02  2.561336E+02  3.127045E+03  1.903705E+03
2002-09-30  1.066063E+03  9.855200E+00  8.419795E+03  3.976218E+03  6.389345E+03  8.394192E+02  1.743329E+03  2.889479E+03  1.036041E+03  4.442460E+01  5.723179E+03  9.494266E+02  2.796540E+01  2.458720E+01  1.215362E+04  1.729156E+03  6.642481E+03  1.539316E+03  5.208194E+03  4.717796E+02  2.096770E+02  1.032129E+03  1.194841E+03  5.115916E+03  2.793238E+02  1.205967E+03  2.634488E+03  3.311474E+03  5.260696E+03  1.459001E+03  6.326632E+02  4.751045E+03  1.622806E+03  8.819312E+03  1.604518E+02  6.685534E+02  2.965501E+03  2.839212E+02  2.301011E+03  8.364220E+01  2.082038E+02  2.593924E+03  1.484935E+03
2002-10-31  9.853168E+02  8.788400E+00  7.971714E+03  3.383229E+03  6.042050E+03  7.371842E+02  1.441475E+03  2.698928E+03  8.916670E+02  2.479040E+01  5.089017E+03  8.397240E+02  1.041400E+01  9.017000E+00  1.116434E+04  1.595018E+03  6.129045E+03  1.322654E+03  4.596181E+03  4.042918E+02  1.774444E+02  1.000506E+03  1.094130E+03  4.828565E+03  2.392172E+02  9.873234E+02  2.315616E+03  2.597633E+03  4.789424E+03  1.227480E+03  5.168392E+02  4.300652E+03  1.352982E+03  7.453884E+03  1.403350E+02  4.744466E+02  2.688311E+03  2.395728E+02  2.017039E+03  7.129780E+01  1.879092E+02  2.381961E+03  1.281328E+03
2002-11-30  1.413159E+04  7.832598E+02  9.647464E+04  6.584795E+04  4.345577E+04  1.886331E+04  4.945629E+04  1.814919E+04  3.527885E+04  4.416476E+03  6.908114E+04  4.347479E+04  1.941982E+03  1.804518E+03  6.759006E+04  6.893883E+04  6.868610E+04  7.927299E+04  2.011483E+05  3.595223E+04  1.761762E+04  2.167230E+03  1.893966E+04  4.967267E+04  1.814510E+04  4.115819E+04  6.005853E+04  4.333349E+04  2.278897E+05  2.268029E+04  2.026643E+04  7.099681E+04  4.502937E+04  1.808501E+05  3.727374E+03  1.888780E+04  2.848740E+04  9.023274E+03  1.004699E+05  1.126312E+03  2.377846E+03  1.905188E+04  1.749906E+05
2002-12-31  3.487948E+04  2.333092E+03  5.931526E+05  4.862537E+05  1.668565E+05  9.874971E+04  1.891080E+05  5.210838E+04  2.007249E+05  1.362205E+04  8.195633E+05  1.031296E+05  6.440399E+03  4.829073E+03  2.079992E+05  2.423681E+05  5.961214E+05  1.811238E+05  5.145078E+05  6.455705E+04  3.349493E+04  4.140429E+03  1.968708E+05  1.234605E+05  4.789863E+04  1.793852E+05  3.757728E+05  1.139245E+05  4.641172E+05  9.541345E+04  9.780671E+04  5.097075E+05  1.507382E+05  6.448839E+05  1.050605E+04  1.251620E+05  4.579424E+05  7.362429E+04  2.397995E+05  2.170732E+04  5.180378E+04  5.445651E+04  4.337771E+05
2003-01-31  6.011664E+04  3.140964E+03  1.489779E+06  1.068090E+06  4.247702E+05  2.166805E+05  3.706899E+05  5.231904E+05  3.518786E+05  8.854516E+03  1.588084E+06  2.710710E+05  3.127553E+03  2.678405E+03  1.671126E+06  5.555928E+05  1.978385E+06  4.499198E+05  1.290387E+06  1.453707E+05  4.999845E+04  1.123194E+05  5.296803E+05  3.136762E+05  9.125669E+04  3.377868E+05  8.234980E+05  3.073773E+05  1.413755E+06  3.134668E+05  2.147292E+05  1.435930E+06  3.217062E+05  1.223700E+06  2.270148E+04  1.790662E+05  6.699553E+05  9.600908E+04  6.127469E+05  1.985617E+04  6.502405E+04  3.174179E+05  5.354224E+05
2003-02-28  4.115775E+04  1.149579E+03  6.898064E+05  7.535142E+05  2.320495E+05  1.758004E+05  2.670675E+05  3.951593E+05  2.416105E+05  2.154377E+03  1.136180E+06  1.226069E+05  8.405368E+02  1.387373E+03  1.310992E+06  2.908369E+05  1.386505E+06  2.149689E+05  6.835327E+05  7.175782E+04  1.988505E+04  1.364483E+05  2.844880E+05  1.970323E+05  5.222199E+04  2.326320E+05  6.090558E+05  2.176533E+05  8.213520E+05  2.740992E+05  1.576961E+05  9.834377E+05  1.701466E+05  6.756814E+05  1.000440E+04  1.203916E+05  4.698009E+05  5.795005E+04  3.037795E+05  1.197785E+04  2.906276E+04  2.499796E+05  2.546581E+05
2003-03-31  2.563767E+04  8.163306E+02  3.877170E+05  6.007215E+05  1.489614E+05  1.439945E+05  2.144502E+05  2.840339E+05  1.974974E+05  3.058033E+03  9.927394E+05  7.134786E+04  1.370406E+03  5.536946E+02  8.213500E+05  1.997788E+05  1.077507E+06  1.160018E+05  4.039407E+05  3.314855E+04  7.443292E+03  1.105527E+05  1.856412E+05  1.194649E+05  3.593051E+04  1.749535E+05  4.942680E+05  1.282054E+05  4.709151E+05  2.001223E+05  1.128243E+05  7.534076E+05  9.296801E+04  4.879405E+05  4.621886E+03  1.002384E+05  4.403785E+05  4.881474E+04  1.746359E+05  1.301694E+04  3.312102E+04  1.604327E+05  9.402196E+04
2003-04-30  1.404506E+04  7.087870E+02  2.084795E+05  4.211868E+05  9.420179E+04  9.316743E+04  1.296635E+05  1.598713E+05  1.335900E+05  2.354351E+03  7.919623E+05  3.038480E+04  1.192505E+03  6.869176E+02  4.281815E+05  1.198994E+05  6.988531E+05  4.878865E+04  1.910976E+05  1.245410E+04  4.827118E+03  7.312099E+04  1.076800E+05  7.183123E+04  1.774944E+04  1.040365E+05  3.251089E+05  6.155444E+04  1.831533E+05  1.007916E+05  6.681688E+04  4.753083E+05  4.883038E+04  3.058340E+05  2.072818E+03  7.129120E+04  3.759798E+05  4.171396E+04  8.090840E+04  1.123503E+04  3.750297E+04  7.533218E+04  5.646445E+04
2003-05-31  5.833720E+03  4.052824E+02  1.111312E+05  2.532626E+05  5.023485E+04  5.439915E+04  6.550741E+04  8.282772E+04  8.079918E+04  6.508750E+02  5.225107E+05  1.102799E+04  2.200402E+02  4.787900E+01  2.215870E+05  6.399891E+04  4.041981E+05  1.798871E+04  8.371700E+04  4.319295E+03  1.389253E+03  5.245811E+04  6.370048E+04  3.539924E+04  6.794144E+03  5.591330E+04  1.923054E+05  2.726913E+04  6.806065E+04  4.596950E+04  3.372297E+04  2.676959E+05  2.362035E+04  1.953066E+05  7.991348E+02  4.214734E+04  2.291500E+05  2.843169E+04  2.986616E+04  7.069430E+03  2.960875E+04  3.249757E+04  1.781736E+04
2003-06-30  2.732049E+03  2.956560E+01  2.590401E+04  7.048424E+04  2.863009E+04  1.429863E+04  1.394097E+04  3.259704E+04  1.969745E+04  8.831580E+01  1.775743E+05  3.048584E+03  3.154680E+01  3.860800E+01  6.449906E+04  1.082644E+04  1.303110E+05  5.196688E+03  2.157034E+04  1.485062E+03  6.759956E+02  1.602915E+04  3.036461E+04  1.410767E+04  9.223502E+02  1.463185E+04  5.627246E+04  1.221303E+04  1.871055E+04  1.053302E+04  9.707982E+03  8.447596E+04  8.370087E+03  6.576794E+04  3.877818E+02  1.222172E+04  7.519116E+04  7.287870E+03  7.636307E+03  8.935466E+02  4.015435E+03  8.589035E+03  5.775731E+03
2003-07-31  2.691968E+03  6.329680E+01  1.742775E+04  2.214197E+04  1.836936E+04  3.576676E+03  6.662852E+03  1.061514E+04  6.705448E+03  3.623056E+02  5.599468E+04  2.838145E+03  2.414778E+02  2.564384E+02  2.635908E+04  5.419903E+03  3.854696E+04  7.012457E+03  1.724490E+04  2.189785E+03  1.100658E+03  3.327222E+03  1.056635E+04  1.125832E+04  1.202487E+03  5.845759E+03  1.738247E+04  1.200638E+04  1.874053E+04  4.735932E+03  4.433722E+03  2.605420E+04  5.799150E+03  3.487854E+04  4.335780E+02  4.299687E+03  3.117040E+04  2.503500E+03  7.280732E+03  5.932170E+02  1.049096E+03  4.974488E+03  8.676005E+03
2003-08-31  2.763495E+03  2.270252E+02  1.892300E+04  1.201824E+04  1.348654E+04  3.802634E+03  7.306589E+03  5.258765E+03  6.237249E+03  1.107135E+03  3.266087E+04  3.938448E+03  5.995924E+02  4.765040E+02  1.964167E+04  1.238219E+04  1.437686E+04  6.051906E+03  2.421882E+04  2.988234E+03  1.856892E+03  1.510995E+03  3.380257E+03  1.204059E+04  1.367384E+03  3.979977E+03  9.773412E+03  8.736914E+03  1.996069E+04  3.357169E+03  1.858594E+03  1.197818E+04  4.757903E+03  3.317979E+04  4.442206E+02  5.056886E+03  1.935985E+04  3.619652E+03  9.333179E+03  1.346505E+03  2.846222E+03  3.904437E+03  7.656093E+03
2003-09-30  1.276807E+03  2.062480E+01  9.048775E+03  4.943729E+03  7.174789E+03  1.249096E+03  2.577770E+03  3.559150E+03  1.509039E+03  6.578600E+01  8.143342E+03  1.216863E+03  2.979420E+01  9.525000E+00  1.424983E+04  2.143684E+03  7.397166E+03  2.007108E+03  6.358788E+03  6.479286E+02  3.390138E+02  1.144473E+03  1.587525E+03  5.914898E+03  4.704588E+02  1.688643E+03  3.466567E+03  3.936873E+03  6.368085E+03  1.780007E+03  7.497826E+02  5.804078E+03  1.810436E+03  1.133762E+04  1.908810E+02  9.330944E+02  4.856734E+03  5.599430E+02  2.940355E+03  1.861566E+02  4.244340E+02  3.007792E+03  1.839112E+03
2003-10-31  1.080821E+03  1.694180E+01  8.500897E+03  3.959784E+03  6.493688E+03  1.023772E+03  2.092477E+03  3.174263E+03  1.218463E+03  4.439920E+01  6.176874E+03  1.026185E+03  1.628140E+01  7.518400E+00  1.265672E+04  1.866494E+03  6.345834E+03  1.673479E+03  5.502554E+03  5.391150E+02  2.806446E+02  1.068375E+03  1.342365E+03  5.289194E+03  3.934968E+02  1.386307E+03  2.879801E+03  3.219679E+03  5.574970E+03  1.481353E+03  6.222746E+02  4.797273E+03  1.545920E+03  9.574479E+03  1.619250E+02  6.834378E+02  3.226664E+03  4.062222E+02  2.480488E+03  1.434084E+02  3.104134E+02  2.659355E+03  1.537945E+03
2003-11-30  3.567303E+03  1.685798E+02  2.917160E+04  2.336759E+04  1.396812E+04  5.542839E+03  1.387363E+04  4.722774E+03  9.230614E+03  1.257503E+03  2.254171E+04  9.738512E+03  5.908040E+02  4.982464E+02  1.928726E+04  1.850230E+04  2.308731E+04  1.644970E+04  4.552478E+04  7.369175E+03  3.745687E+03  1.128370E+03  4.549724E+03  1.312334E+04  4.590644E+03  1.125304E+04  1.613383E+04  1.004207E+04  4.509651E+04  5.283429E+03  5.202504E+03  2.131545E+04  9.021420E+03  4.621939E+04  1.127404E+03  5.622849E+03  1.169896E+04  3.927627E+03  2.484270E+04  5.853176E+02  1.944370E+03  4.655337E+03  2.852067E+04
2003-12-31  1.811767E+04  1.000277E+03  1.681873E+05  1.543370E+05  5.527157E+04  2.820200E+04  7.348883E+04  2.352538E+04  5.560680E+04  6.327140E+03  1.387714E+05  6.016564E+04  2.771978E+03  2.401849E+03  1.059203E+05  9.934070E+04  1.739340E+05  1.148393E+05  2.734280E+05  4.659038E+04  2.265335E+04  2.639212E+03  3.259485E+04  6.279337E+04  2.528319E+04  6.209289E+04  9.674113E+04  6.540284E+04  2.713371E+05  3.219691E+04  3.470874E+04  1.546611E+05  5.302075E+04  2.473830E+05  5.566080E+03  2.914665E+04  5.546618E+04  1.733692E+04  1.468355E+05  4.743272E+03  1.414320E+04  2.945676E+04  2.125893E+05
2004-01-31  2.250158E+04  1.239418E+03  5.821293E+05  3.163594E+05  8.862657E+04  5.730563E+04  1.304711E+05  3.764476E+04  1.241070E+05  3.606775E+03  4.175348E+05  7.392629E+04  1.556106E+03  2.053793E+03  2.475695E+05  1.082377E+05  4.341907E+05  1.189673E+05  3.610064E+05  4.424975E+04  2.212505E+04  4.658208E+03  1.372368E+05  1.034374E+05  4.263233E+04  1.120384E+05  2.438777E+05  8.398937E+04  3.725315E+05  6.802509E+04  6.375062E+04  3.564939E+05  9.324043E+04  3.669083E+05  8.173009E+03  6.558986E+04  2.028135E+05  2.832971E+04  1.677452E+05  5.346649E+03  9.491904E+03  5.564307E+04  2.090121E+05
2004-02-29  3.759332E+04  1.083183E+03  1.002562E+06  5.105409E+05  3.090326E+05  8.320009E+04  1.777439E+05  3.571514E+05  1.650436E+05  5.772709E+03  8.102271E+05  9.470222E+04  2.798166E+03  2.576601E+03  6.712903E+05  1.855492E+05  8.251348E+05  1.578439E+05  5.298878E+05  5.383106E+04  2.517381E+04  5.003820E+04  3.543101E+05  1.388611E+05  4.263913E+04  1.513332E+05  3.660633E+05  1.172904E+05  5.087736E+05  1.233102E+05  9.417373E+04  6.489984E+05  1.699975E+05  6.729841E+05  1.477302E+04  8.783376E+04  4.059873E+05  4.165501E+04  2.270516E+05  9.670186E+03  2.745242E+04  1.127910E+05  3.153642E+05
2004-03-31  2.957543E+04  9.696958E+02  7.354757E+05  5.423042E+05  2.215227E+05  1.045107E+05  1.856700E+05  4.355816E+05  1.709959E+05  2.467864E+03  8.867343E+05  9.912617E+04  8.756904E+02  5.905500E+02  9.809785E+05  2.346238E+05  9.158728E+05  1.494792E+05  5.721268E+05  4.635873E+04  1.276241E+04  1.376957E+05  3.187617E+05  1.288015E+05  4.050960E+04  1.463102E+05  4.055742E+05  1.267151E+05  5.636415E+05  1.413161E+05  9.571975E+04  6.459882E+05  1.267006E+05  6.206752E+05  1.013686E+04  8.334192E+04  3.951891E+05  4.158328E+04  2.328445E+05  7.443318E+03  2.283559E+04  1.763720E+05  1.423772E+05
2004-04-30  1.130943E+04  1.431798E+02  1.946951E+05  2.549934E+05  8.052417E+04  5.356865E+04  8.077299E+04  1.445959E+05  8.341614E+04  4.849368E+02  4.745750E+05  2.468946E+04  2.229358E+02  1.311910E+02  3.819792E+05  7.754079E+04  4.639522E+05  3.390029E+04  1.635567E+05  7.087311E+03  1.762633E+03  7.231388E+04  8.166445E+04  5.946259E+04  1.316698E+04  6.961340E+04  2.017226E+05  4.783905E+04  1.640678E+05  6.474224E+04  4.397855E+04  3.122799E+05  4.732919E+04  2.623493E+05  1.899310E+03  3.847719E+04  2.132082E+05  2.015190E+04  6.161278E+04  3.810279E+03  1.096002E+04  7.213897E+04  3.144134E+04
2004-05-31  5.708167E+03  5.041900E+01  5.780019E+04  1.130504E+05  4.760839E+04  2.189554E+04  2.654269E+04  6.411463E+04  3.252704E+04  3.038602E+02  2.452471E+05  6.706743E+03  1.985772E+02  2.304288E+02  1.563773E+05  1.763951E+04  2.074144E+05  9.675190E+03  5.319723E+04  2.625954E+03  1.182218E+03  3.669492E+04  4.607563E+04  3.053039E+04  2.272640E+03  2.813456E+04  8.598111E+04  2.157514E+04  4.730829E+04  2.310310E+04  1.790022E+04  1.423084E+05  2.031350E+04  1.246317E+05  8.776462E+02  1.810161E+04  9.645200E+04  8.549640E+03  1.624808E+04  1.210386E+03  4.038879E+03  2.289922E+04  1.247348E+04
2004-06-30  2.622804E+03  2.133600E+01  1.793369E+04  3.838704E+04  2.803662E+04  5.588178E+03  7.477023E+03  2.831201E+04  9.692132E+03  8.351520E+01  9.424820E+04  2.591613E+03  4.711700E+01  4.498340E+01  4.937013E+04  4.235526E+03  7.572281E+04  4.268902E+03  1.621330E+04  1.324026E+03  6.086602E+02  1.213023E+04  2.178591E+04  1.251509E+04  6.427470E+02  8.718042E+03  3.009229E+04  1.015246E+04  1.543147E+04  5.970651E+03  6.269025E+03  4.685586E+04  7.237679E+03  4.328861E+04  4.541774E+02  5.846191E+03  5.032408E+04  2.812720E+03  6.281623E+03  1.779270E+02  8.468614E+02  7.148551E+03  4.440834E+03
2004-07-31  2.005305E+03  1.783080E+01  1.219947E+04  1.372123E+04  1.529618E+04  1.859712E+03  3.507080E+03  8.802218E+03  3.548913E+03  7.195820E+01  2.803406E+04  1.866595E+03  3.675380E+01  7.033260E+01  2.273983E+04  2.677820E+03  2.151573E+04  3.944214E+03  1.012508E+04  9.897110E+02  5.020818E+02  2.813888E+03  5.839028E+03  8.558708E+03  5.203952E+02  2.628443E+03  8.793505E+03  8.966581E+03  9.411818E+03  3.220669E+03  2.601138E+03  1.510713E+04  3.330931E+03  1.942747E+04  3.303778E+02  1.509471E+03  1.808653E+04  7.428230E+02  4.614926E+03  1.332992E+02  4.007358E+02  4.530776E+03  2.874772E+03
2004-08-31  1.795577E+03  1.468120E+01  1.013371E+04  5.897321E+03  9.234424E+03  1.235939E+03  2.453843E+03  4.249166E+03  1.529969E+03  4.953000E+01  8.618601E+03  1.395019E+03  2.481580E+01  1.236980E+01  1.657566E+04  2.065299E+03  8.680298E+03  2.403932E+03  7.094296E+03  7.070852E+02  3.539490E+02  1.405839E+03  1.969922E+03  6.452387E+03  4.083812E+02  1.612468E+03  3.717417E+03  5.771058E+03  6.931406E+03  2.050313E+03  9.925558E+02  6.656603E+03  2.212772E+03  1.344788E+04  4.671568E+02  9.344660E+02  5.247335E+03  4.380738E+02  3.426485E+03  1.038352E+02  2.972816E+02  3.451149E+03  2.079777E+03
2004-09-30  1.248156E+03  1.209040E+01  8.657488E+03  4.116045E+03  6.998589E+03  9.318498E+02  1.880387E+03  3.302051E+03  1.135253E+03  3.329940E+01  5.755361E+03  1.064463E+03  1.361440E+01  6.578600E+00  1.311615E+04  1.696237E+03  6.217717E+03  1.746961E+03  5.556453E+03  5.334254E+02  2.740660E+02  1.116330E+03  1.428572E+03  5.352237E+03  3.329940E+02  1.214196E+03  2.775534E+03  3.484321E+03  5.565673E+03  1.463446E+03  6.369812E+02  4.594022E+03  1.753235E+03  9.336278E+03  2.053844E+02  6.170168E+02  2.829433E+03  3.248660E+02  2.584171E+03  8.171180E+01  2.342388E+02  2.757018E+03  1.597050E+03
2004-10-31  1.082413E+04  4.927346E+02  6.306843E+04  3.511169E+04  3.413407E+04  1.083963E+04  2.927104E+04  1.408290E+04  1.920654E+04  3.887546E+03  4.280385E+04  2.611722E+04  1.828419E+03  1.518641E+03  5.420975E+04  5.036759E+04  3.234230E+04  4.656945E+04  1.241325E+05  2.059419E+04  1.177465E+04  1.909470E+03  1.154593E+04  3.633478E+04  9.063482E+03  2.035937E+04  3.157057E+04  3.226201E+04  1.255049E+05  1.134265E+04  1.012795E+04  3.304781E+04  3.372071E+04  1.556173E+05  2.686837E+03  1.222278E+04  1.593276E+04  4.595190E+03  6.233203E+04  7.978648E+02  1.565504E+03  1.451351E+04  1.212059E+05
2004-11-30  6.782130E+03  5.753100E+02  7.997160E+04  8.429683E+04  2.403599E+04  2.090417E+04  5.591838E+04  8.795537E+03  4.598124E+04  1.589507E+03  7.893012E+04  2.413142E+04  6.143498E+02  6.598412E+02  2.473714E+04  4.004470E+04  8.181851E+04  4.009664E+04  1.222168E+05  2.225152E+04  8.912504E+03  1.466139E+03  1.380614E+04  2.439459E+04  2.111149E+04  4.985527E+04  7.940157E+04  1.457378E+04  1.863698E+05  2.325083E+04  2.075866E+04  8.963228E+04  1.855122E+04  6.420531E+04  2.379701E+03  2.090110E+04  3.095854E+04  9.576486E+03  5.438668E+04  1.412900E+03  2.261743E+03  6.691122E+03  5.900603E+04
2004-12-31  2.320872E+04  1.306246E+03  2.896369E+05  3.410869E+05  7.305142E+04  5.096190E+04  1.175394E+05  3.059615E+04  1.219934E+05  6.652031E+03  3.062600E+05  8.403275E+04  2.986380E+03  2.807411E+03  1.308416E+05  1.189786E+05  4.135259E+05  1.449475E+05  3.821339E+05  5.515762E+04  2.595644E+04  3.176473E+03  7.183196E+04  8.955667E+04  3.757313E+04  1.194502E+05  2.567637E+05  7.678425E+04  3.949068E+05  7.273122E+04  7.023453E+04  3.515328E+05  9.444286E+04  3.584879E+05  6.470091E+03  6.504165E+04  1.058163E+05  2.804554E+04  1.874517E+05  6.945071E+03  1.237231E+04  3.429160E+04  2.687861E+05
2005-01-31  2.191032E+04  1.298550E+03  4.722751E+05  4.472621E+05  1.321783E+05  6.719062E+04  1.479468E+05  5.735543E+04  1.476347E+05  3.756381E+03  4.280009E+05  9.177955E+04  1.578661E+03  1.472895E+03  2.549396E+05  1.660927E+05  7.784562E+05  1.391921E+05  4.325418E+05  4.469473E+04  1.644162E+04  5.532857E+03  1.613733E+05  9.879145E+04  3.758402E+04  1.405991E+05  3.244203E+05  7.776329E+04  4.665872E+05  1.081256E+05  8.724356E+04  6.140962E+05  1.105794E+05  4.339269E+05  7.217359E+03  7.373092E+04  1.803506E+05  3.510557E+04  2.147057E+05  7.539431E+03  1.412944E+04  5.881225E+04  2.123586E+05
2005-02-28  1.373619E+04  6.323330E+02  3.695454E+05  3.595223E+05  9.618937E+04  6.956880E+04  1.223765E+05  1.218698E+05  1.188291E+05  1.352296E+03  4.748432E+05  5.269296E+04  4.740656E+02  2.711958E+02  3.621363E+05  1.421225E+05  7.085368E+05  9.219573E+04  2.714680E+05  2.905356E+04  5.768238E+03  1.172060E+04  1.119972E+05  7.019460E+04  2.764577E+04  1.112913E+05  2.816052E+05  5.981052E+04  3.900108E+05  1.064705E+05  7.381443E+04  4.884152E+05  7.402180E+04  3.131627E+05  4.749368E+03  5.558079E+04  2.103160E+05  2.862847E+04  1.310193E+05  5.046878E+03  1.313754E+04  6.671099E+04  7.952026E+04
2005-03-31  1.779595E+04  1.739138E+02  2.747580E+05  2.942876E+05  1.112659E+05  5.656684E+04  9.193893E+04  1.069085E+05  9.372978E+04  1.248867E+03  4.770385E+05  3.532518E+04  6.990588E+02  1.515593E+03  2.942212E+05  8.128531E+04  5.925953E+05  7.171312E+04  2.171600E+05  2.748912E+04  1.052365E+04  2.690957E+04  8.041917E+04  7.841287E+04  1.829971E+04  9.660316E+04  2.397984E+05  6.236830E+04  3.140560E+05  9.707557E+04  6.795450E+04  4.195128E+05  8.883879E+04  3.185645E+05  4.332275E+03  4.253347E+04  2.259607E+05  2.172650E+04  8.692401E+04  3.799611E+03  1.349812E+04  4.883003E+04  1.844154E+05
2005-04-30  1.171235E+04  9.301480E+01  2.583960E+05  2.694957E+05  8.302988E+04  3.950048E+04  7.358974E+04  9.451396E+04  8.065699E+04  1.139571E+03  3.889784E+05  3.466760E+04  5.074666E+02  6.780022E+02  2.124651E+05  5.582534E+04  5.289382E+05  8.063111E+04  2.175906E+05  3.198787E+04  8.865286E+03  2.948805E+04  8.827618E+04  6.162998E+04  2.086745E+04  8.884155E+04  2.064183E+05  4.571997E+04  3.540175E+05  8.400407E+04  6.388524E+04  3.824572E+05  6.234788E+04  2.636346E+05  3.409950E+03  3.285053E+04  1.764406E+05  1.480447E+04  7.967223E+04  3.176346E+03  1.377300E+04  3.099176E+04  8.414172E+04
2005-05-31  1.105080E+04  3.195828E+02  2.072169E+05  2.912069E+05  7.852809E+04  2.910502E+04  6.467899E+04  7.942349E+04  8.392767E+04  2.556459E+03  3.685107E+05  3.520646E+04  1.280363E+03  1.330884E+03  1.380232E+05  5.734456E+04  5.085760E+05  7.873378E+04  2.187447E+05  3.229308E+04  1.207755E+04  2.249830E+04  8.709680E+04  5.776128E+04  2.336366E+04  1.020524E+05  2.184549E+05  4.539841E+04  3.516069E+05  7.886527E+04  6.825244E+04  3.981333E+05  6.065147E+04  2.482513E+05  3.742487E+03  3.539642E+04  1.659299E+05  1.573190E+04  7.501948E+04  7.077913E+03  2.219457E+04  1.761813E+04  9.409262E+04
2005-06-30  3.872840E+03  5.521960E+01  5.773219E+04  1.190212E+05  3.783947E+04  9.722612E+03  1.596870E+04  3.918082E+04  3.164393E+04  9.448800E+01  1.896854E+05  7.666126E+03  8.727440E+01  3.557524E+02  5.618325E+04  1.038748E+04  2.194014E+05  1.736837E+04  5.739897E+04  4.009085E+03  1.766900E+03  1.041557E+04  5.046096E+04  2.221070E+04  4.662195E+03  3.837450E+04  8.273743E+04  1.755061E+04  8.986743E+04  2.764648E+04  2.483457E+04  1.686407E+05  2.329932E+04  9.095486E+04  7.882890E+02  1.493383E+04  7.791107E+04  8.353857E+03  1.635704E+04  1.889328E+03  8.543417E+03  6.379159E+03  2.998925E+04
2005-07-31  1.865122E+03  2.471420E+01  1.728493E+04  3.747417E+04  2.074741E+04  2.264816E+03  4.552112E+03  1.334483E+04  8.172323E+03  1.019048E+02  7.713487E+04  2.090776E+03  6.710680E+01  1.346200E+01  2.387069E+04  3.299028E+03  7.443498E+04  4.274591E+03  1.413541E+04  1.162152E+03  4.038600E+02  3.084779E+03  2.081223E+04  9.766097E+03  5.634228E+02  1.075533E+04  2.736108E+04  7.887360E+03  2.078744E+04  8.343951E+03  8.316493E+03  4.894168E+04  7.175373E+03  3.125023E+04  3.578860E+02  4.854778E+03  4.220964E+04  2.964180E+03  4.751095E+03  1.935480E+02  1.695780E+03  4.030878E+03  5.461914E+03
2005-08-31  1.421079E+03  1.696720E+01  1.140064E+04  1.217808E+04  1.001593E+04  1.235862E+03  2.333803E+03  4.531970E+03  2.705176E+03  4.475480E+01  2.155058E+04  1.374597E+03  1.879600E+01  1.059180E+01  1.579382E+04  2.131593E+03  1.702882E+04  2.600325E+03  8.118424E+03  8.128762E+02  3.095752E+02  1.412011E+03  4.107104E+03  6.723278E+03  4.274058E+02  2.406701E+03  7.330948E+03  5.265395E+03  9.700082E+03  2.465349E+03  2.366239E+03  1.272665E+04  3.017368E+03  1.386987E+04  2.619248E+02  9.365996E+02  1.327152E+04  7.045706E+02  3.265983E+03  1.300988E+02  5.365242E+02  3.092806E+03  2.997911E+03
2005-09-30  1.199261E+03  1.384300E+01  9.283624E+03  5.113782E+03  7.234809E+03  9.172702E+02  1.771294E+03  3.285338E+03  1.238352E+03  3.589020E+01  7.202983E+03  1.028192E+03  1.521460E+01  8.280400E+00  1.247874E+04  1.686890E+03  7.279462E+03  1.860042E+03  5.962650E+03  5.979160E+02  2.393188E+02  1.109701E+03  1.670456E+03  5.376799E+03  3.423666E+02  1.399997E+03  3.208884E+03  3.754526E+03  6.715531E+03  1.670380E+03  8.178038E+02  5.871388E+03  2.025701E+03  9.506001E+03  2.005076E+02  6.452616E+02  3.966464E+03  3.536188E+02  2.476932E+03  9.347200E+01  3.334258E+02  2.495855E+03  2.056943E+03
2005-10-31  1.696898E+03  1.610360E+01  1.317295E+04  4.936896E+03  8.578164E+03  9.343390E+02  2.279294E+03  3.019273E+03  1.430934E+03  7.117080E+01  5.885332E+03  1.049680E+03  4.612640E+01  9.438640E+01  1.168712E+04  2.059711E+03  6.605981E+03  2.031975E+03  7.707833E+03  1.016533E+03  5.064252E+02  1.049274E+03  1.526565E+03  6.739128E+03  6.512306E+02  2.017243E+03  3.622827E+03  3.927678E+03  1.120384E+04  1.763039E+03  9.940036E+02  5.515026E+03  3.139770E+03  1.219241E+04  3.932428E+02  8.581898E+02  2.726639E+03  3.311906E+02  2.522042E+03  8.036560E+01  3.008884E+02  2.322957E+03  4.037635E+03
2005-11-30  2.227905E+04  9.527794E+02  1.673949E+05  1.168201E+05  6.787177E+04  2.637480E+04  7.450699E+04  2.726555E+04  5.549682E+04  6.150788E+03  9.531713E+04  6.868244E+04  2.795575E+03  2.947416E+03  1.078163E+05  9.388760E+04  1.335925E+05  1.294778E+05  3.221267E+05  5.710801E+04  2.737795E+04  2.902941E+03  3.176384E+04  8.156440E+04  2.937436E+04  6.819963E+04  1.011686E+05  7.097141E+04  3.663129E+05  3.725621E+04  3.539665E+04  1.369228E+05  7.195856E+04  2.707600E+05  6.043905E+03  2.849217E+04  3.384095E+04  1.030033E+04  1.567066E+05  2.078253E+03  4.613783E+03  2.947868E+04  2.551873E+05
2005-12-31  4.738273E+04  2.431669E+03  9.096859E+05  7.113975E+05  2.410774E+05  1.368768E+05  3.032299E+05  1.029127E+05  3.204332E+05  1.304803E+04  8.726648E+05  1.517136E+05  6.298946E+03  5.225390E+03  3.759691E+05  2.449247E+05  1.211785E+06  2.633833E+05  6.789989E+05  9.197406E+04  3.998143E+04  7.015251E+03  2.426670E+05  1.982921E+05  8.379851E+04  3.231547E+05  6.432907E+05  1.679040E+05  7.913977E+05  2.015274E+05  1.758855E+05  9.959317E+05  2.458419E+05  8.601536E+05  1.543388E+04  1.679831E+05  4.140399E+05  7.179160E+04  3.023278E+05  2.083476E+04  4.523450E+04  8.418924E+04  5.308739E+05
2006-01-31  1.055042E+05  4.629810E+03  2.258534E+06  1.887824E+06  6.835747E+05  4.673470E+05  6.987331E+05  1.064995E+06  6.442633E+05  1.802178E+04  2.851324E+06  4.326496E+05  6.723761E+03  5.190896E+03  4.394026E+06  9.911500E+05  3.505293E+06  7.281569E+05  2.100534E+06  2.233912E+05  7.885920E+04  3.127009E+05  8.702535E+05  5.664454E+05  1.330758E+05  5.615772E+05  1.522085E+06  6.786838E+05  2.294647E+06  6.121200E+05  3.648877E+05  2.460609E+06  5.888371E+05  2.348290E+06  3.464062E+04  3.352642E+05  1.122275E+06  1.540456E+05  1.022164E+06  3.665733E+04  1.140343E+05  8.281046E+05  9.379528E+05
2006-02-28  7.776901E+04  2.758186E+03  1.275885E+06  1.348883E+06  4.600638E+05  3.685453E+05  5.449682E+05  8.532090E+05  4.411928E+05  7.029983E+03  2.153857E+06  2.568778E+05  2.399030E+03  2.097176E+03  3.098818E+06  6.332446E+05  2.461480E+06  4.564024E+05  1.391161E+06  1.431038E+05  4.104670E+04  3.133069E+05  5.511036E+05  3.882888E+05  9.014597E+04  4.157142E+05  1.133084E+06  5.072534E+05  1.549762E+06  5.465838E+05  2.697627E+05  1.734728E+06  3.233829E+05  1.310985E+06  1.946341E+04  2.422716E+05  8.571990E+05  1.138987E+05  6.339394E+05  2.650642E+04  5.842241E+04  6.256995E+05  4.351173E+05
2006-03-31  4.953284E+04  1.545438E+03  7.482593E+05  9.564510E+05  2.927375E+05  2.534983E+05  3.872447E+05  5.231387E+05  3.003460E+05  3.461436E+03  1.591763E+06  1.264459E+05  1.207999E+03  5.406136E+02  1.680319E+06  3.674991E+05  1.716920E+06  2.296933E+05  7.129282E+05  6.321618E+04  1.485580E+04  1.983426E+05  3.306193E+05  2.093617E+05  5.611731E+04  2.773139E+05  7.820700E+05  2.603842E+05  8.041380E+05  3.653191E+05  1.783408E+05  1.188545E+06  1.748179E+05  8.572636E+05  1.044567E+04  1.553407E+05  6.878287E+05  8.549571E+04  3.315172E+05  2.244235E+04  4.665929E+04  3.239723E+05  2.220132E+05
2006-04-30  2.472045E+04  7.651496E+02  3.661468E+05  5.848358E+05  1.456347E+05  1.460005E+05  2.208223E+05  2.577621E+05  1.839908E+05  1.775739E+03  1.065011E+06  5.578361E+04  4.622800E+02  3.529584E+02  7.731159E+05  1.879842E+05  9.871058E+05  1.045526E+05  3.300697E+05  2.886735E+04  6.800494E+03  1.038672E+05  1.554375E+05  1.149507E+05  2.923029E+04  1.656201E+05  4.842777E+05  1.167830E+05  3.743306E+05  2.004497E+05  1.054054E+05  6.890625E+05  9.480243E+04  5.285417E+05  3.655644E+03  8.758281E+04  5.043554E+05  5.852749E+04  1.459109E+05  1.608686E+04  3.945458E+04  1.504257E+05  1.061281E+05
2006-05-31  9.815627E+03  1.020572E+02  1.006088E+05  2.078430E+05  6.174285E+04  5.450909E+04  6.916981E+04  8.058597E+04  6.397813E+04  5.593334E+02  4.302699E+05  1.433754E+04  2.454910E+02  3.499612E+02  2.693050E+05  5.019728E+04  3.745331E+05  2.484641E+04  1.007656E+05  6.744056E+03  2.577592E+03  4.752480E+04  5.126248E+04  5.456679E+04  5.690667E+03  5.522382E+04  1.771713E+05  3.998791E+04  1.012253E+05  6.338166E+04  3.550917E+04  2.427604E+05  3.463948E+04  2.276392E+05  1.283538E+03  3.284121E+04  1.842188E+05  1.992203E+04  3.568974E+04  4.449191E+03  1.233546E+04  4.597512E+04  2.878719E+04
2006-06-30  4.008145E+03  5.966460E+01  2.562446E+04  7.164855E+04  3.452779E+04  1.535468E+04  1.905338E+04  3.375175E+04  1.973707E+04  2.451862E+02  1.826353E+05  4.117238E+03  9.446260E+01  5.021580E+01  8.453465E+04  9.632036E+03  1.393985E+05  7.545730E+03  2.800325E+04  2.335581E+03  1.066292E+03  1.458554E+04  3.043634E+04  2.150344E+04  1.866900E+03  1.649649E+04  5.907705E+04  1.541145E+04  2.718323E+04  1.526377E+04  1.163876E+04  9.143992E+04  1.267300E+04  7.771615E+04  5.413248E+02  1.048974E+04  7.635430E+04  6.178931E+03  1.013269E+04  9.570720E+02  2.704922E+03  1.199139E+04  8.828456E+03
2006-07-31  2.541803E+03  4.584700E+01  1.413815E+04  2.129092E+04  1.936928E+04  3.865702E+03  7.348703E+03  1.039071E+04  6.312738E+03  1.497584E+02  5.472481E+04  2.412111E+03  3.972560E+01  3.510280E+01  3.023276E+04  3.803980E+03  3.913317E+04  4.368343E+03  1.311153E+04  1.518006E+03  7.669530E+02  2.891841E+03  9.307068E+03  1.118624E+04  1.337513E+03  5.362880E+03  1.622133E+04  8.847226E+03  1.348405E+04  4.716272E+03  3.559327E+03  2.690632E+04  5.136312E+03  3.122361E+04  3.781806E+02  2.484374E+03  3.112882E+04  1.680743E+03  6.022315E+03  4.533646E+02  6.764528E+02  5.828995E+03  4.797171E+03
2006-08-31  2.078330E+03  3.667760E+01  1.190978E+04  8.486216E+03  1.127486E+04  2.127809E+03  4.791862E+03  4.879442E+03  2.852318E+03  1.565910E+02  1.527673E+04  1.789074E+03  7.236460E+01  9.766300E+01  1.938442E+04  2.736012E+03  1.202553E+04  3.333369E+03  1.027920E+04  1.242339E+03  6.604508E+02  1.459281E+03  2.564943E+03  8.810777E+03  1.005738E+03  3.198114E+03  5.903519E+03  6.861073E+03  9.756419E+03  3.094431E+03  1.537233E+03  1.047554E+04  3.000299E+03  1.979328E+04  2.914904E+02  1.547089E+03  9.339758E+03  7.991348E+02  4.476242E+03  3.010662E+02  4.271010E+02  4.115029E+03  3.188792E+03
2006-09-30  1.471397E+03  2.832100E+01  9.523400E+03  5.419319E+03  7.819136E+03  1.485341E+03  3.316351E+03  3.679469E+03  1.961083E+03  8.569960E+01  7.957160E+03  1.283741E+03  2.451100E+01  8.204200E+00  1.469230E+04  2.036547E+03  7.316064E+03  2.292121E+03  6.813956E+03  8.019034E+02  4.244340E+02  1.146581E+03  1.725778E+03  6.397701E+03  7.462774E+02  2.203298E+03  3.997706E+03  4.231208E+03  6.983324E+03  2.055749E+03  9.939528E+02  6.292647E+03  2.083765E+03  1.314173E+04  2.175764E+02  9.282430E+02  3.838270E+03  5.474970E+02  3.224428E+03  2.114550E+02  3.119882E+02  3.149168E+03  2.308784E+03
2006-10-31  1.378966E+03  2.598420E+01  9.030106E+03  4.445533E+03  7.347966E+03  1.255928E+03  2.821610E+03  3.294532E+03  1.662532E+03  8.920480E+01  6.853428E+03  1.104925E+03  3.670300E+01  1.122680E+01  1.304536E+04  1.879244E+03  6.326454E+03  1.957603E+03  5.963412E+03  6.775450E+02  3.649472E+02  1.074623E+03  1.540002E+03  6.012231E+03  6.422390E+02  1.869084E+03  3.400400E+03  3.597885E+03  6.038723E+03  1.748206E+03  8.740394E+02  5.233187E+03  1.786382E+03  1.141824E+04  1.888236E+02  9.047226E+02  3.078836E+03  4.516374E+02  2.800731E+03  1.725168E+02  2.709926E+02  2.763444E+03  1.928343E+03
2006-11-30  1.644660E+04  4.869180E+02  1.085789E+05  6.167432E+04  4.954250E+04  1.555755E+04  4.418868E+04  2.006186E+04  3.153674E+04  4.136644E+03  5.369504E+04  4.498241E+04  1.820266E+03  2.129180E+03  6.886992E+04  5.967735E+04  6.294661E+04  8.022753E+04  2.126880E+05  3.646383E+04  1.960390E+04  2.362784E+03  1.997626E+04  5.224521E+04  1.683182E+04  3.922418E+04  5.590530E+04  4.623831E+04  2.281083E+05  2.083046E+04  1.954078E+04  6.662390E+04  4.185097E+04  1.738918E+05  4.503547E+03  1.667772E+04  1.886593E+04  5.765216E+03  1.047042E+05  1.312139E+03  2.295652E+03  1.986257E+04  1.663785E+05
2006-12-31  3.480559E+04  1.325753E+03  4.656924E+05  3.291781E+05  1.155955E+05  4.986769E+04  1.298827E+05  4.814728E+04  1.237953E+05  7.641615E+03  2.313851E+05  1.131024E+05  3.422193E+03  3.554349E+03  1.739331E+05  1.330433E+05  4.217142E+05  2.065807E+05  5.383797E+05  7.942476E+04  3.542454E+04  4.736440E+03  1.585257E+05  1.298386E+05  4.723760E+04  1.495435E+05  2.661154E+05  1.069015E+05  5.968359E+05  1.031070E+05  9.352585E+04  3.987587E+05  1.347328E+05  4.259100E+05  1.051527E+04  6.463101E+04  7.612001E+04  2.346051E+04  2.433027E+05  7.302957E+03  1.616923E+04  4.725129E+04  3.900981E+05
2007-01-31  3.167682E+04  1.462380E+03  7.832929E+05  5.436522E+05  1.990302E+05  7.992232E+04  1.796889E+05  2.058968E+05  1.788795E+05  3.620846E+03  5.095045E+05  1.445081E+05  1.223416E+03  1.047699E+03  5.216453E+05  2.058280E+05  1.014222E+06  2.237277E+05  7.324526E+05  7.282828E+04  2.118190E+04  1.883936E+04  2.921347E+05  1.694649E+05  5.262344E+04  1.827776E+05  3.948078E+05  1.300187E+05  7.916247E+05  1.768266E+05  1.183466E+05  7.861120E+05  1.367362E+05  4.863607E+05  1.073513E+04  8.319143E+04  1.995601E+05  3.619795E+04  3.305655E+05  7.968590E+03  1.355943E+04  1.157226E+05  1.901659E+05
2007-02-28  3.364177E+04  7.678674E+02  4.587983E+05  4.848230E+05  1.933583E+05  8.782611E+04  1.590161E+05  2.324712E+05  1.549176E+05  1.909242E+03  5.772448E+05  8.440550E+04  1.017346E+03  2.352751E+03  6.241348E+05  1.491485E+05  9.677726E+05  1.357176E+05  4.704765E+05  4.821591E+04  1.932691E+04  6.329764E+04  2.042899E+05  1.553577E+05  3.301439E+04  1.567915E+05  3.881681E+05  1.233295E+05  5.299500E+05  1.733607E+05  1.084632E+05  6.736747E+05  9.446478E+04  3.845287E+05  8.164017E+03  8.132260E+04  2.417009E+05  3.466935E+04  2.038938E+05  5.497119E+03  9.393987E+03  1.207461E+05  1.508101E+05
2007-03-31  2.632299E+04  5.940806E+02  4.543520E+05  4.401692E+05  1.544287E+05  9.423227E+04  1.610479E+05  2.862732E+05  1.502958E+05  1.188390E+03  5.692683E+05  9.486168E+04  5.425694E+02  3.344672E+02  7.085004E+05  1.281720E+05  8.510837E+05  1.452671E+05  4.850916E+05  4.655772E+04  1.328704E+04  9.946985E+04  1.927710E+05  1.323810E+05  3.293598E+04  1.432508E+05  3.670466E+05  1.219324E+05  5.430784E+05  1.674566E+05  9.682147E+04  5.786727E+05  1.092444E+05  4.259719E+05  6.532804E+03  6.828053E+04  2.112848E+05  3.058262E+04  2.072192E+05  4.075430E+03  1.064501E+04  1.439000E+05  1.419030E+05
2007-04-30  9.965919E+03  3.350260E+01  1.293280E+05  1.905993E+05  6.561417E+04  4.194426E+04  6.046942E+04  1.039863E+05  6.441102E+04  1.549400E+02  2.899821E+05  2.167534E+04  9.293860E+01  1.601470E+02  2.943729E+05  3.679665E+04  4.005783E+05  2.904396E+04  1.295554E+05  6.151550E+03  1.772666E+03  5.835272E+04  5.817786E+04  5.850590E+04  8.016342E+03  6.192952E+04  1.667565E+05  4.193436E+04  1.397338E+05  6.832049E+04  4.078227E+04  2.686416E+05  3.775426E+04  1.702154E+05  1.367739E+03  2.997764E+04  1.079198E+05  1.263714E+04  4.782612E+04  1.669136E+03  3.131312E+03  4.956932E+04  2.777604E+04
2007-05-31  4.902632E+03  4.739640E+01  4.292912E+04  9.038526E+04  4.139128E+04  1.768127E+04  2.301176E+04  5.428833E+04  2.804655E+04  3.069844E+02  1.503358E+05  6.927520E+03  1.681988E+02  1.300226E+02  1.209873E+05  1.167087E+04  1.962411E+05  1.087150E+04  4.486798E+04  3.242843E+03  1.217727E+03  2.664386E+04  4.111988E+04  2.910233E+04  2.189582E+03  2.769860E+04  7.886278E+04  2.036534E+04  4.805609E+04  2.578920E+04  1.871835E+04  1.296209E+05  1.761830E+04  7.917081E+04  7.550404E+02  1.453810E+04  6.712245E+04  5.588305E+03  1.580827E+04  8.301482E+02  1.583715E+03  1.677434E+04  1.182992E+04
2007-06-30  3.077947E+03  2.067560E+01  2.107512E+04  2.794521E+04  2.547836E+04  3.743401E+03  6.424244E+03  1.836232E+04  7.558761E+03  1.087628E+02  4.751911E+04  2.614447E+03  6.647180E+01  2.110232E+02  3.696525E+04  3.333979E+03  6.317894E+04  4.346575E+03  1.652029E+04  1.706016E+03  1.076528E+03  6.437808E+03  1.480426E+04  1.451110E+04  7.992872E+02  8.311159E+03  2.456762E+04  1.007194E+04  2.518999E+04  6.441872E+03  5.708447E+03  3.853447E+04  8.036204E+03  3.118957E+04  4.967986E+02  3.873678E+03  2.484336E+04  1.332103E+03  6.143320E+03  2.052574E+02  4.325620E+02  5.946699E+03  1.109088E+04
2007-07-31  2.767736E+03  2.377440E+01  1.654025E+04  1.146416E+04  1.523657E+04  1.901190E+03  4.435424E+03  6.492900E+03  3.421151E+03  1.976374E+02  1.485496E+04  3.108833E+03  1.424686E+02  2.812542E+02  2.196749E+04  3.066796E+03  1.887464E+04  5.580431E+03  1.776649E+04  2.125142E+03  1.104646E+03  1.863750E+03  4.028008E+03  1.113051E+04  8.354822E+02  3.296945E+03  8.120024E+03  9.382481E+03  1.615999E+04  3.697326E+03  2.474874E+03  1.401895E+04  4.416603E+03  2.196445E+04  4.541520E+02  2.032457E+03  7.911643E+03  5.938012E+02  7.782001E+03  1.739646E+02  3.458718E+02  4.260444E+03  4.999126E+03
2007-08-31  1.820088E+03  1.567180E+01  1.101209E+04  5.288534E+03  9.386494E+03  1.225677E+03  2.614955E+03  4.175277E+03  1.581607E+03  7.546340E+01  6.981901E+03  1.433805E+03  4.724400E+01  1.201166E+02  1.586687E+04  1.922247E+03  8.083194E+03  2.345284E+03  8.525789E+03  8.079232E+02  5.524754E+02  1.284707E+03  2.039391E+03  7.724851E+03  4.741926E+02  1.883893E+03  3.698469E+03  4.905832E+03  7.268794E+03  2.135607E+03  9.273032E+02  6.298514E+03  2.482469E+03  1.233312E+04  2.602230E+02  9.830562E+02  3.208934E+03  4.136898E+02  3.418942E+03  1.282700E+02  2.644648E+02  3.258566E+03  2.378862E+03
2007-09-30  1.522908E+03  1.468120E+01  9.430690E+03  3.928720E+03  7.705166E+03  9.639046E+02  2.004771E+03  3.395040E+03  1.234186E+03  4.833620E+01  5.629021E+03  1.094740E+03  2.440940E+01  2.641600E+01  1.283198E+04  1.584528E+03  5.952439E+03  1.790522E+03  5.947613E+03  6.145784E+02  3.481578E+02  1.081024E+03  1.626972E+03  6.253658E+03  3.885946E+02  1.416126E+03  2.861412E+03  3.468294E+03  5.716321E+03  1.582623E+03  6.847332E+02  4.516120E+03  1.795958E+03  8.892032E+03  2.156968E+02  6.805422E+02  2.490724E+03  3.274822E+02  2.610485E+03  1.021842E+02  2.183638E+02  2.639517E+03  1.802689E+03
2007-10-31  9.253982E+03  5.228082E+02  6.788584E+04  4.243827E+04  3.087479E+04  1.250518E+04  3.290829E+04  1.145982E+04  2.463742E+04  3.711905E+03  4.869828E+04  2.364395E+04  1.672666E+03  1.400454E+03  4.523603E+04  5.005972E+04  3.877414E+04  4.433684E+04  1.122122E+05  2.041698E+04  1.026942E+04  1.651635E+03  9.754235E+03  3.306201E+04  1.151186E+04  2.589553E+04  4.049349E+04  2.980159E+04  1.362572E+05  1.248202E+04  1.148009E+04  4.094302E+04  2.888465E+04  1.276991E+05  2.748839E+03  1.409992E+04  1.803263E+04  5.284622E+03  5.541838E+04  7.818628E+02  1.187018E+03  1.112832E+04  9.755574E+04
2007-11-30  5.083861E+03  3.414268E+02  4.818576E+04  7.391093E+04  1.769072E+04  1.625882E+04  4.121592E+04  7.479563E+03  4.037919E+04  1.124204E+03  6.591658E+04  2.090031E+04  4.716018E+02  6.690868E+02  2.640373E+04  2.843093E+04  8.243611E+04  3.929416E+04  9.600860E+04  1.851563E+04  7.023710E+03  1.341145E+03  9.756394E+03  1.841950E+04  1.696176E+04  4.489910E+04  6.986369E+04  1.682806E+04  1.237839E+05  1.947405E+04  2.107004E+04  8.394248E+04  1.113744E+04  4.353011E+04  1.686839E+03  1.807149E+04  2.497864E+04  7.452055E+03  4.908969E+04  1.035456E+03  1.427531E+03  6.923608E+03  3.226333E+04
2007-12-31  1.508364E+04  9.233154E+02  1.340573E+05  2.246124E+05  4.747336E+04  3.223638E+04  8.265696E+04  2.025515E+04  8.917368E+04  4.886071E+03  1.684726E+05  5.443837E+04  2.150542E+03  1.786966E+03  9.525447E+04  8.379899E+04  2.773976E+05  1.071837E+05  2.388052E+05  4.119984E+04  1.747497E+04  2.328570E+03  2.490391E+04  5.535732E+04  3.004891E+04  9.124277E+04  1.742435E+05  5.529085E+04  2.783007E+05  4.606069E+04  5.215199E+04  2.437338E+05  5.618952E+04  2.223077E+05  4.311650E+03  4.413214E+04  5.854837E+04  1.692245E+04  1.288398E+05  5.072151E+03  8.226527E+03  2.472614E+04  1.779165E+05
2008-01-31  3.405777E+04  1.441374E+03  6.428649E+05  6.121857E+05  1.380155E+05  9.256118E+04  1.980997E+05  7.904820E+04  2.018471E+05  6.099759E+03  5.414825E+05  1.246789E+05  2.917012E+03  3.338982E+03  5.519317E+05  1.961026E+05  9.858286E+05  2.153292E+05  5.577815E+05  6.678318E+04  2.662939E+04  8.482203E+03  2.125081E+05  1.486622E+05  5.104821E+04  1.826280E+05  4.531788E+05  1.705615E+05  6.236340E+05  1.482667E+05  1.171173E+05  7.420496E+05  1.961145E+05  7.036889E+05  1.188143E+04  1.111513E+05  1.985485E+05  3.797071E+04  2.772740E+05  8.476920E+03  1.786346E+04  1.212876E+05  4.038927E+05
2008-02-29  2.990499E+04  7.870444E+02  6.552078E+05  5.271372E+05  1.747678E+05  1.079497E+05  2.073188E+05  2.623241E+05  1.765834E+05  1.545361E+03  5.564310E+05  9.329590E+04  7.219950E+02  1.108227E+03  1.341557E+06  2.039394E+05  9.882420E+05  1.660805E+05  4.792052E+05  4.567131E+04  1.504930E+04  3.504646E+04  2.274496E+05  1.468708E+05  4.364020E+04  1.663047E+05  4.289629E+05  2.024797E+05  5.573144E+05  1.858472E+05  1.052342E+05  6.812594E+05  1.377632E+05  5.328012E+05  1.139124E+04  8.620206E+04  2.217291E+05  3.358782E+04  2.284814E+05  4.121988E+03  7.673670E+03  2.445086E+05  1.645225E+05
2008-03-31  1.970954E+04  1.551940E+02  4.139660E+05  3.947834E+05  1.251784E+05  8.095607E+04  1.378793E+05  2.266660E+05  1.211245E+05  3.670554E+02  5.771899E+05  4.503133E+04  1.436878E+02  3.909314E+02  8.979122E+05  1.071954E+05  7.287119E+05  7.816372E+04  2.518155E+05  1.732559E+04  4.363136E+03  6.745788E+04  1.356431E+05  9.526874E+04  2.016884E+04  1.090320E+05  3.077581E+05  1.121432E+05  2.603111E+05  1.322070E+05  7.322812E+04  4.875429E+05  8.829568E+04  3.824991E+05  5.083023E+03  5.289461E+04  2.496353E+05  2.376470E+04  1.251753E+05  3.759302E+03  7.593635E+03  1.591296E+05  6.352070E+04
2008-04-30  9.729902E+03  3.307080E+01  1.818065E+05  2.135232E+05  6.901078E+04  4.070198E+04  5.861530E+04  1.149694E+05  5.661505E+04  2.617216E+02  3.628728E+05  1.747492E+04  1.198626E+02  1.896364E+02  3.832620E+05  3.450417E+04  4.007254E+05  2.986463E+04  1.134776E+05  6.560972E+03  2.455367E+03  5.051623E+04  6.298253E+04  5.361988E+04  6.399378E+03  5.509506E+04  1.671114E+05  4.633404E+04  1.035782E+05  6.107257E+04  3.655096E+04  2.600992E+05  4.098498E+04  2.088598E+05  1.638325E+03  2.685583E+04  1.567327E+05  1.080270E+04  4.971242E+04  1.351305E+03  2.288565E+03  6.654170E+04  3.058737E+04
2008-05-31  6.059424E+03  8.125460E+01  7.559878E+04  1.031156E+05  4.667926E+04  1.572687E+04  2.347008E+04  5.827425E+04  2.411062E+04  7.348220E+02  2.065990E+05  8.476132E+03  4.009390E+02  4.383024E+02  1.645192E+05  1.479636E+04  1.885433E+05  1.581503E+04  5.642417E+04  4.823257E+03  2.709977E+03  2.314092E+04  4.523958E+04  3.049971E+04  3.281197E+03  2.411232E+04  7.599424E+04  2.526091E+04  4.957785E+04  2.163704E+04  1.664147E+04  1.305327E+05  2.249830E+04  1.199337E+05  1.134796E+03  1.241689E+04  7.787244E+04  4.021557E+03  2.272513E+04  9.031732E+02  1.328369E+03  2.390600E+04  2.195965E+04
2008-06-30  2.568854E+03  3.263900E+01  2.521138E+04  4.250914E+04  2.845275E+04  4.512970E+03  8.663102E+03  2.701488E+04  1.076935E+04  1.744218E+02  8.622406E+04  3.254324E+03  5.796280E+01  3.693160E+01  5.774804E+04  4.947234E+03  7.873721E+04  6.458382E+03  1.902249E+04  2.047977E+03  9.488424E+02  7.421778E+03  2.399718E+04  1.282710E+04  2.269363E+03  1.097750E+04  3.143489E+04  1.056190E+04  1.965213E+04  6.293206E+03  6.819875E+03  5.359240E+04  7.846797E+03  4.311947E+04  5.537962E+02  4.742282E+03  4.812805E+04  1.521841E+03  8.442579E+03  3.694176E+02  1.267054E+03  7.672578E+03  5.066944E+03
2008-07-31  1.892681E+03  1.879600E+01  1.255540E+04  1.347978E+04  1.488917E+04  1.856537E+03  4.253357E+03  8.473364E+03  3.306013E+03  7.980680E+01  2.347912E+04  1.868475E+03  2.288540E+01  1.115060E+01  2.354049E+04  2.410130E+03  2.170577E+04  3.504946E+03  9.621495E+03  1.083894E+03  5.549138E+02  1.950669E+03  6.369507E+03  8.520201E+03  9.987280E+02  3.279064E+03  8.347278E+03  6.642227E+03  9.795789E+03  3.124022E+03  2.171878E+03  1.661290E+04  3.483991E+03  1.845762E+04  3.238500E+02  1.237894E+03  1.695460E+04  6.069076E+02  4.872101E+03  1.639570E+02  3.040126E+02  4.538142E+03  2.972486E+03
2008-08-31  1.514094E+03  1.554480E+01  1.034176E+04  6.533871E+03  8.782990E+03  1.310386E+03  3.135630E+03  4.208602E+03  1.773606E+03  6.360160E+01  7.959547E+03  1.431341E+03  1.846580E+01  9.093200E+00  1.650898E+04  1.909267E+03  9.072753E+03  2.659913E+03  7.298461E+03  8.221472E+02  4.335780E+02  1.270762E+03  2.233092E+03  6.798310E+03  7.769860E+02  2.313762E+03  4.334561E+03  4.808169E+03  7.430491E+03  2.234717E+03  1.219835E+03  7.573264E+03  2.356891E+03  1.193297E+04  2.474214E+02  8.753602E+02  4.765700E+03  4.442460E+02  3.714140E+03  1.236472E+02  2.421128E+02  3.388182E+03  2.162404E+03
2008-09-30  1.223213E+03  1.267460E+01  8.930411E+03  4.627880E+03  7.031253E+03  1.009320E+03  2.399944E+03  3.303651E+03  1.345133E+03  5.044440E+01  5.796915E+03  1.112647E+03  1.473200E+01  7.162800E+00  1.310655E+04  1.563522E+03  6.584213E+03  2.040839E+03  5.769889E+03  6.337554E+02  3.383788E+02  1.058240E+03  1.681251E+03  5.656504E+03  6.026150E+02  1.756664E+03  3.273196E+03  3.524606E+03  5.881395E+03  1.700962E+03  9.230360E+02  5.272532E+03  1.784274E+03  9.167901E+03  1.923542E+02  6.702552E+02  2.734818E+03  3.384296E+02  2.871648E+03  9.542780E+01  1.976628E+02  2.683104E+03  1.652753E+03
2008-10-31  1.326261E+03  2.595880E+01  8.916467E+03  4.111396E+03  7.144868E+03  1.090701E+03  2.642210E+03  3.034563E+03  1.354353E+03  1.901444E+02  6.727444E+03  9.873488E+02  1.137158E+02  1.783080E+01  1.205342E+04  2.206422E+03  5.926099E+03  1.771650E+03  5.270729E+03  5.466080E+02  3.086100E+02  1.015949E+03  1.562862E+03  5.633237E+03  5.455920E+02  1.520647E+03  2.992704E+03  2.961589E+03  5.279415E+03  1.464818E+03  7.921752E+02  4.624197E+03  1.729816E+03  1.088718E+04  2.035048E+02  1.090168E+03  2.910002E+03  4.385564E+02  2.576500E+03  8.930640E+01  1.922272E+02  2.430755E+03  1.480464E+03
2008-11-30  6.851371E+03  5.851652E+02  5.172360E+04  4.773348E+04  2.259609E+04  1.413368E+04  3.544971E+04  9.358808E+03  2.625593E+04  2.929357E+03  5.566608E+04  2.177123E+04  1.214272E+03  8.337296E+02  3.377750E+04  4.670199E+04  4.384434E+04  3.820061E+04  9.924082E+04  1.737431E+04  8.359521E+03  1.464970E+03  9.951720E+03  2.268512E+04  1.142403E+04  2.569177E+04  4.272895E+04  2.022945E+04  1.129038E+05  1.174585E+04  1.173681E+04  4.433085E+04  2.004047E+04  9.979180E+04  2.115007E+03  1.340030E+04  2.525677E+04  8.330768E+03  5.239527E+04  9.066530E+02  1.696187E+03  8.925103E+03  7.312294E+04
2008-12-31  4.540961E+03  2.343658E+02  2.726741E+04  4.044620E+04  1.778132E+04  1.019477E+04  2.233519E+04  6.896837E+03  2.369106E+04  1.348842E+03  4.785705E+04  8.094421E+03  7.275576E+02  8.728964E+02  2.865313E+04  1.913613E+04  4.069509E+04  1.483886E+04  4.645002E+04  6.277051E+03  4.155364E+03  1.256462E+03  5.772048E+03  1.812110E+04  7.503135E+03  2.264496E+04  3.885128E+04  1.743738E+04  4.574598E+04  8.965616E+03  1.029228E+04  3.870904E+04  1.891894E+04  7.535235E+04  7.431278E+02  1.297612E+04  2.062401E+04  6.912737E+03  1.964698E+04  1.222832E+03  1.434846E+03  6.793255E+03  6.528674E+04
2009-01-31  5.614949E+03  5.153406E+02  5.843900E+04  7.014502E+04  1.971231E+04  2.015975E+04  4.404964E+04  7.123735E+03  4.560646E+04  1.555242E+03  8.274314E+04  1.516639E+04  5.832602E+02  3.569716E+02  2.952336E+04  3.195485E+04  6.943085E+04  2.920096E+04  6.660657E+04  1.258882E+04  5.272405E+03  1.283868E+03  9.279077E+03  2.048317E+04  1.547673E+04  3.926385E+04  7.127626E+04  1.448803E+04  8.896924E+04  1.566563E+04  1.573296E+04  7.180649E+04  1.636933E+04  6.561539E+04  1.808937E+03  2.025962E+04  3.458878E+04  1.073970E+04  3.454997E+04  2.408123E+03  3.290113E+03  7.264222E+03  4.830298E+04
2009-02-28  8.959037E+03  3.071114E+02  1.354600E+05  7.182973E+04  3.156951E+04  1.632280E+04  3.646361E+04  9.779711E+03  4.091534E+04  1.387475E+03  9.125506E+04  1.479949E+04  7.349236E+02  1.114857E+03  3.076461E+04  2.243275E+04  8.097060E+04  2.545639E+04  7.842905E+04  1.093389E+04  6.795668E+03  1.318209E+03  1.036130E+04  2.968384E+04  1.161014E+04  3.369226E+04  6.746222E+04  1.944050E+04  8.795304E+04  1.446812E+04  1.526383E+04  7.562352E+04  3.607831E+04  1.262944E+05  3.028772E+03  1.836577E+04  3.654080E+04  1.036909E+04  3.288878E+04  2.855316E+03  3.871341E+03  7.185431E+03  1.095282E+05
2009-03-31  9.092159E+03  4.495292E+02  3.699963E+05  1.550549E+05  5.416616E+04  2.538707E+04  6.121255E+04  1.708318E+04  6.578971E+04  1.677797E+03  1.865026E+05  2.677178E+04  6.995668E+02  5.426202E+02  3.131099E+04  4.425699E+04  1.814641E+05  4.505457E+04  1.240705E+05  1.825755E+04  7.148830E+03  1.337716E+03  2.537844E+04  3.010792E+04  2.012363E+04  5.520271E+04  1.131524E+05  1.738567E+04  1.621472E+05  2.548882E+04  2.785115E+04  1.651862E+05  4.135946E+04  1.810461E+05  4.466920E+03  2.680548E+04  9.938286E+04  1.759572E+04  5.755297E+04  5.079340E+03  1.111199E+04  6.570218E+03  7.081459E+04
2009-04-30  2.897403E+03  2.260600E+01  1.382439E+05  8.099110E+04  3.941658E+04  9.566351E+03  1.835396E+04  5.119926E+04  2.905087E+04  1.220216E+02  1.397181E+05  5.281879E+03  7.256780E+01  7.668260E+01  1.451574E+04  6.617919E+03  1.272016E+05  6.709054E+03  3.316958E+04  1.039520E+03  4.498848E+02  9.266936E+02  4.700687E+04  1.349134E+04  4.843958E+03  2.621714E+04  5.795452E+04  4.138701E+03  2.770764E+04  1.126533E+04  1.353251E+04  1.082351E+05  1.668988E+04  9.107434E+04  9.679940E+02  1.389522E+04  7.471354E+04  8.308848E+03  1.001293E+04  9.561830E+02  2.263115E+03  2.520340E+03  9.535947E+03
2009-05-31  5.150333E+03  1.912366E+02  7.140758E+04  7.588308E+04  4.224035E+04  9.139707E+03  1.902389E+04  3.613483E+04  2.747328E+04  1.640357E+03  1.294885E+05  1.070463E+04  8.500110E+02  7.021830E+02  2.975513E+04  2.325472E+04  1.050503E+05  2.212754E+04  5.932099E+04  9.050553E+03  4.508373E+03  1.160069E+03  4.312204E+04  2.016585E+04  5.624779E+03  2.612545E+04  5.438767E+04  1.597312E+04  6.188547E+04  1.057636E+04  1.454282E+04  8.730117E+04  2.176874E+04  1.201565E+05  1.528775E+03  1.577543E+04  6.443929E+04  6.844665E+03  2.609459E+04  2.055038E+03  4.909693E+03  5.912053E+03  3.897838E+04
2009-06-30  3.272282E+03  8.277860E+01  2.508179E+04  3.365056E+04  2.577224E+04  2.507056E+03  6.402095E+03  1.215474E+04  1.071781E+04  6.115558E+02  6.571404E+04  3.073375E+03  4.148836E+02  4.644898E+02  1.418653E+04  6.392189E+03  4.022814E+04  5.120894E+03  1.849359E+04  1.792884E+03  1.133627E+03  9.185402E+02  1.672333E+04  1.105281E+04  1.164184E+03  8.643798E+03  2.461707E+04  7.731658E+03  1.514904E+04  3.499993E+03  5.476240E+03  2.988262E+04  7.106437E+03  4.251681E+04  8.039862E+02  8.453450E+03  3.361428E+04  3.568268E+03  7.990713E+03  6.380480E+02  2.418410E+03  2.487549E+03  4.751222E+03
2009-07-31  1.338732E+03  1.574800E+01  1.124311E+04  1.402761E+04  1.103859E+04  8.880094E+02  1.806296E+03  4.115664E+03  3.299892E+03  4.810760E+01  2.291911E+04  1.039012E+03  1.874520E+01  1.023620E+01  1.121537E+04  1.642720E+03  1.371069E+04  1.765300E+03  5.502021E+03  4.883658E+02  2.590546E+02  9.154922E+02  4.399559E+03  5.609768E+03  3.981450E+02  1.690548E+03  8.100035E+03  2.381148E+03  5.883148E+03  1.251890E+03  1.574698E+03  1.121273E+04  2.368906E+03  1.307833E+04  2.908554E+02  1.258697E+03  1.246180E+04  7.806944E+02  2.570226E+03  1.144524E+02  3.349244E+02  2.106778E+03  1.853209E+03
2009-08-31  1.137387E+03  1.356360E+01  9.334475E+03  5.001666E+03  7.254342E+03  7.757668E+02  1.656131E+03  2.921914E+03  1.163142E+03  9.255760E+01  7.596988E+03  1.052017E+03  6.606540E+01  6.184900E+01  1.040861E+04  1.548384E+03  6.141898E+03  1.909140E+03  5.421249E+03  4.312158E+02  2.550414E+02  8.981440E+02  1.857959E+03  4.896358E+03  3.381756E+02  1.085393E+03  2.874721E+03  3.097835E+03  4.809947E+03  1.208532E+03  7.028688E+02  5.128616E+03  1.606448E+03  9.948316E+03  2.336038E+02  7.719822E+02  3.668243E+03  3.025902E+02  2.922194E+03  9.019540E+01  2.131060E+02  1.901977E+03  1.423721E+03
2009-09-30  8.881364E+02  1.173480E+01  8.014360E+03  3.349574E+03  5.914644E+03  6.468110E+02  1.269568E+03  2.494407E+03  8.527034E+02  3.573780E+01  4.807433E+03  7.008876E+02  1.536700E+01  6.705600E+00  8.882964E+03  1.220216E+03  4.837506E+03  1.199947E+03  3.817442E+03  3.369818E+02  1.741424E+02  8.543290E+02  1.473454E+03  4.147160E+03  2.806192E+02  8.232140E+02  2.165401E+03  1.724355E+03  3.981196E+03  9.113012E+02  4.906010E+02  3.445993E+03  1.258951E+03  6.666789E+03  1.727708E+02  4.159504E+02  2.187092E+03  2.411984E+02  1.748409E+03  7.134860E+01  1.720850E+02  1.650314E+03  1.122629E+03
2009-10-31  4.012006E+03  3.451352E+02  3.437339E+04  2.135066E+04  1.514907E+04  8.488807E+03  2.087044E+04  4.955972E+03  1.494615E+04  2.172868E+03  3.401248E+04  6.963994E+03  1.008964E+03  5.065522E+02  1.557086E+04  3.234957E+04  1.551305E+04  1.104377E+04  3.888082E+04  6.765163E+03  3.433724E+03  1.049985E+03  4.434916E+03  1.345258E+04  5.559603E+03  1.093793E+04  2.074687E+04  7.961554E+03  5.739166E+04  4.210990E+03  3.728466E+03  1.679252E+04  1.493921E+04  7.839784E+04  1.329893E+03  8.864473E+03  1.336307E+04  3.892474E+03  1.678935E+04  2.774442E+02  4.799076E+02  3.447872E+03  4.909045E+04
2009-11-30  5.054905E+03  1.694180E+02  4.000259E+04  3.381974E+04  1.726575E+04  9.105367E+03  2.143989E+04  6.451651E+03  2.142172E+04  1.305763E+03  4.012006E+04  1.355222E+04  6.047994E+02  6.080506E+02  2.034106E+04  2.183747E+04  3.074474E+04  2.513833E+04  6.304620E+04  1.121095E+04  5.673344E+03  1.165708E+03  6.495974E+03  1.549687E+04  7.323760E+03  1.844210E+04  3.259508E+04  1.358072E+04  7.703287E+04  7.606030E+03  8.601837E+03  3.215648E+04  1.107961E+04  4.449432E+04  1.670888E+03  1.110120E+04  1.583609E+04  4.825517E+03  3.246158E+04  4.147820E+02  4.678172E+02  5.015230E+03  3.943579E+04
2009-12-31  4.370730E+03  3.037078E+02  4.056365E+04  6.188581E+04  1.593685E+04  1.409357E+04  3.620872E+04  6.869125E+03  3.357227E+04  1.614500E+03  5.765780E+04  1.695531E+04  6.748272E+02  5.567426E+02  2.672875E+04  3.140055E+04  6.308138E+04  3.271342E+04  7.715933E+04  1.502143E+04  5.751703E+03  1.224331E+03  7.919466E+03  1.465491E+04  1.297534E+04  3.507542E+04  5.664886E+04  1.450365E+04  9.962926E+04  1.509860E+04  1.612059E+04  6.762224E+04  1.316680E+04  7.012330E+04  1.573124E+03  1.630362E+04  2.248154E+04  7.212863E+03  4.052941E+04  1.210767E+03  1.942719E+03  6.276213E+03  4.454505E+04
2010-01-31  2.064304E+04  1.292200E+03  2.279069E+05  2.770967E+05  6.311834E+04  6.367912E+04  1.035838E+05  2.559695E+04  9.744067E+04  9.677095E+03  4.081945E+05  5.916049E+04  4.271188E+03  2.089023E+03  1.146747E+05  1.599200E+05  2.891486E+05  1.133191E+05  2.731299E+05  4.656488E+04  2.202383E+04  2.619578E+03  3.036235E+04  6.524488E+04  3.325315E+04  9.668876E+04  1.932058E+05  6.511384E+04  3.423724E+05  4.986574E+04  4.967470E+04  2.698134E+05  9.069786E+04  3.648856E+05  6.393917E+03  5.642872E+04  1.601180E+05  2.851041E+04  1.343217E+05  9.927971E+03  3.004335E+04  2.709111E+04  2.803495E+05
2010-02-28  1.434198E+04  1.214755E+03  4.390534E+05  4.047009E+05  7.100849E+04  9.288244E+04  1.307579E+05  2.087197E+04  1.239540E+05  3.210560E+03  7.414534E+05  5.674223E+04  1.176909E+03  7.103110E+02  1.095306E+05  1.939964E+05  5.894128E+05  9.863066E+04  2.789736E+05  3.222254E+04  1.035764E+04  1.875968E+03  1.569421E+05  4.991819E+04  3.597813E+04  1.141804E+05  2.552179E+05  3.745779E+04  3.426348E+05  7.201652E+04  6.262609E+04  5.076768E+05  7.447260E+04  3.380367E+05  6.235573E+03  6.369909E+04  3.186887E+05  4.035006E+04  1.316933E+05  8.154187E+03  2.289848E+04  1.999051E+04  1.088548E+05
2010-03-31  1.191321E+04  6.766560E+02  3.525099E+05  3.805761E+05  9.449610E+04  1.008683E+05  1.202457E+05  8.983259E+04  1.171418E+05  1.668247E+03  7.936674E+05  4.118023E+04  7.583170E+02  8.457692E+02  1.578236E+05  1.643622E+05  6.602356E+05  6.343937E+04  2.395116E+05  1.883425E+04  6.548399E+03  2.658491E+03  1.316115E+05  4.819056E+04  2.647691E+04  1.037537E+05  2.639113E+05  3.305612E+04  2.799962E+05  7.555139E+04  6.400218E+04  4.788804E+05  5.737068E+04  3.048777E+05  4.458894E+03  5.997390E+04  3.431429E+05  3.652053E+04  1.034586E+05  6.430442E+03  2.098507E+04  2.316599E+04  6.339441E+04
2010-04-30  1.326942E+04  6.383274E+02  2.583565E+05  3.638436E+05  9.605068E+04  8.769782E+04  1.051192E+05  1.112930E+05  1.117289E+05  3.771011E+03  7.631454E+05  3.964135E+04  1.849399E+03  1.429029E+03  1.887324E+05  1.274078E+05  6.099718E+05  6.585072E+04  2.336281E+05  2.440569E+04  1.158382E+04  1.007494E+04  1.240173E+05  5.628444E+04  2.109429E+04  9.851278E+04  2.676693E+05  4.338462E+04  2.456487E+05  6.973463E+04  6.504125E+04  4.400475E+05  6.579575E+04  3.296232E+05  3.656965E+03  6.434559E+04  3.451452E+05  3.461306E+04  9.889899E+04  9.158376E+03  3.303946E+04  2.761145E+04  1.075452E+05
2010-05-31  6.035954E+03  4.347972E+02  1.449300E+05  2.692538E+05  5.392217E+04  6.438435E+04  7.259620E+04  7.261288E+04  9.005410E+04  1.540713E+03  5.694562E+05  2.043775E+04  5.958078E+02  4.233926E+02  1.299348E+05  8.522975E+04  4.347768E+05  3.217890E+04  1.293546E+05  1.134209E+04  4.023284E+03  2.449025E+04  7.791813E+04  3.166179E+04  1.649667E+04  7.154725E+04  1.990949E+05  2.197247E+04  1.409158E+05  4.248721E+04  4.227210E+04  3.125455E+05  3.667295E+04  2.179265E+05  1.577848E+03  4.441718E+04  2.391839E+05  2.452060E+04  4.898415E+04  5.689702E+03  2.292025E+04  1.470099E+04  3.971389E+04
2010-06-30  3.579495E+03  5.626100E+01  5.330579E+04  1.197402E+05  3.740605E+04  2.676220E+04  2.201032E+04  4.603118E+04  3.593407E+04  2.565654E+02  2.938077E+05  6.489421E+03  1.653286E+02  3.486658E+02  5.673044E+04  2.228286E+04  1.974937E+05  1.020321E+04  4.930470E+04  3.317164E+03  1.599768E+03  1.714820E+04  5.068745E+04  1.691231E+04  3.194964E+03  3.099252E+04  8.653485E+04  1.323584E+04  4.336705E+04  1.794507E+04  1.876405E+04  1.464408E+05  1.674289E+04  9.372183E+04  9.337548E+02  2.079252E+04  1.096793E+05  1.150320E+04  1.583743E+04  1.827581E+03  9.847351E+03  5.980532E+03  1.577647E+04
2010-07-31  1.620012E+03  2.321560E+01  1.494935E+04  3.249455E+04  1.962094E+04  6.069254E+03  5.281778E+03  1.624315E+04  8.363712E+03  9.291320E+01  9.796651E+04  1.617853E+03  5.189220E+01  1.158240E+01  2.141421E+04  4.326636E+03  6.011039E+04  2.868117E+03  1.089142E+04  8.121396E+02  2.993644E+02  4.837151E+03  2.020367E+04  7.409637E+03  4.859782E+02  7.944231E+03  2.604199E+04  6.131992E+03  1.104618E+04  4.321683E+03  5.794477E+03  3.826579E+04  5.243652E+03  2.898816E+04  3.071876E+02  6.198413E+03  4.735159E+04  3.266135E+03  4.183177E+03  1.760220E+02  1.294257E+03  3.432175E+03  3.595827E+03
2010-08-31  1.207211E+03  1.861820E+01  1.001647E+04  1.036493E+04  9.433966E+03  1.782775E+03  2.442972E+03  4.540961E+03  2.632151E+03  5.125720E+01  2.409487E+04  1.083259E+03  2.004060E+01  9.118600E+00  1.409941E+04  2.273656E+03  1.373424E+04  1.980413E+03  6.571666E+03  6.039358E+02  2.340864E+02  1.406982E+03  4.355719E+03  5.420182E+03  3.807968E+02  1.837309E+03  6.659474E+03  4.360164E+03  6.794373E+03  1.889379E+03  1.647241E+03  1.056101E+04  2.391842E+03  1.259855E+04  2.284476E+02  1.184097E+03  1.468150E+04  7.675880E+02  2.802763E+03  1.234186E+02  4.748276E+02  2.593975E+03  2.210638E+03
2010-09-30  2.055774E+03  3.578860E+01  1.229360E+04  6.189523E+03  9.168079E+03  1.532636E+03  2.942361E+03  3.307563E+03  1.958543E+03  2.593086E+02  1.016668E+04  1.015467E+03  1.421130E+02  8.242300E+01  1.165200E+04  3.383407E+03  6.736664E+03  1.604188E+03  7.450912E+03  5.575300E+02  2.736088E+02  1.037285E+03  1.976298E+03  5.826912E+03  5.356098E+02  1.885442E+03  4.197121E+03  3.653460E+03  7.030009E+03  1.518183E+03  7.959344E+02  5.681574E+03  2.200021E+03  1.421168E+04  5.182870E+02  1.595730E+03  5.321859E+03  6.290564E+02  2.958059E+03  1.214374E+02  4.182618E+02  2.168754E+03  2.629891E+03
2010-10-31  1.014745E+04  5.542026E+02  6.154778E+04  3.003606E+04  3.387255E+04  1.151999E+04  2.715661E+04  1.244831E+04  1.792224E+04  4.697730E+03  4.646237E+04  2.045205E+04  2.357679E+03  1.390853E+03  5.303535E+04  5.742704E+04  2.711308E+04  4.073505E+04  1.003177E+05  1.743258E+04  9.389364E+03  1.651965E+03  8.272348E+03  3.385363E+04  8.275701E+03  1.839125E+04  2.797462E+04  3.227398E+04  1.201780E+05  1.009772E+04  8.449767E+03  2.931323E+04  4.508678E+04  1.842445E+05  2.477059E+03  1.294262E+04  1.707711E+04  4.811522E+03  5.131593E+04  1.732966E+03  3.632835E+03  1.370127E+04  1.608764E+05
2010-11-30  9.565742E+03  1.204620E+03  1.100175E+05  1.369806E+05  3.187779E+04  3.663300E+04  8.258142E+04  1.266657E+04  7.102993E+04  3.860140E+03  1.535484E+05  3.887074E+04  1.361846E+03  1.017092E+03  4.803577E+04  8.657656E+04  1.332076E+05  7.801513E+04  1.759314E+05  3.543488E+04  1.315781E+04  1.715135E+03  1.476487E+04  3.324118E+04  2.877787E+04  6.656372E+04  1.121510E+05  3.186382E+04  2.589804E+05  3.292848E+04  2.972148E+04  1.377246E+05  3.487958E+04  1.369617E+05  3.506775E+03  3.488967E+04  5.817870E+04  1.858025E+04  9.242156E+04  4.087216E+03  7.051929E+03  1.286637E+04  1.079444E+05
2010-12-31  2.917739E+04  1.748790E+03  4.654146E+05  4.711276E+05  1.040696E+05  8.992575E+04  1.793991E+05  4.017457E+04  1.860744E+05  8.280908E+03  5.629791E+05  1.036054E+05  3.707181E+03  2.913837E+03  1.882075E+05  2.012434E+05  6.161506E+05  1.879181E+05  4.657585E+05  6.618595E+04  2.953065E+04  3.870452E+03  1.035673E+05  1.117788E+05  4.854588E+04  1.698129E+05  3.627054E+05  9.497558E+04  5.202783E+05  1.104886E+05  9.667570E+04  5.567183E+05  1.307636E+05  5.420079E+05  8.941105E+03  1.037405E+05  2.449353E+05  4.593397E+04  2.344457E+05  1.256767E+04  2.942521E+04  4.669696E+04  3.179747E+05
2011-01-31  2.427069E+04  1.534820E+03  6.748989E+05  5.692628E+05  1.669335E+05  1.296105E+05  2.026890E+05  1.684656E+05  2.009012E+05  3.413557E+03  8.521933E+05  1.123183E+05  1.155649E+03  9.630664E+02  4.963298E+05  2.985948E+05  1.024801E+06  1.803125E+05  5.388821E+05  5.669702E+04  1.704866E+04  1.135852E+04  2.146175E+05  1.189870E+05  4.665939E+04  1.709340E+05  4.335539E+05  1.011795E+05  6.218301E+05  1.550258E+05  1.062791E+05  7.413728E+05  1.219405E+05  5.583432E+05  8.584514E+03  1.022928E+05  3.452021E+05  5.142708E+04  2.634707E+05  1.010526E+04  2.692578E+04  9.936307E+04  1.705987E+05
2011-02-28  1.933590E+04  4.941824E+02  3.599838E+05  3.949476E+05  1.279770E+05  9.876742E+04  1.417945E+05  1.693041E+05  1.331414E+05  8.465820E+02  6.414211E+05  5.635528E+04  4.578858E+02  9.796018E+02  5.049717E+05  1.441891E+05  7.425672E+05  8.946167E+04  3.210172E+05  2.910843E+04  9.882581E+03  3.830858E+04  1.395996E+05  9.200431E+04  2.599502E+04  1.202499E+05  3.221182E+05  7.871529E+04  3.679468E+05  1.250983E+05  7.810386E+04  5.185096E+05  8.562650E+04  3.606394E+05  5.226609E+03  6.549735E+04  2.712768E+05  3.258744E+04  1.373769E+05  5.138776E+03  1.301829E+04  9.329570E+04  1.168590E+05
2011-03-31  3.287588E+04  1.204112E+03  6.376449E+05  6.669414E+05  2.296196E+05  1.370168E+05  2.195710E+05  3.432003E+05  2.118581E+05  6.758661E+03  1.056087E+06  9.900653E+04  2.975889E+03  1.901342E+03  8.654814E+05  2.198920E+05  1.204046E+06  1.931805E+05  5.305667E+05  6.422022E+04  2.197656E+04  1.133098E+05  2.940054E+05  1.353807E+05  4.106065E+04  1.940826E+05  5.255965E+05  1.575694E+05  5.992517E+05  1.869693E+05  1.306681E+05  8.459505E+05  1.674328E+05  7.853346E+05  9.497111E+03  1.106024E+05  4.836616E+05  5.322316E+04  2.560777E+05  1.616443E+04  4.346679E+04  1.508838E+05  3.022158E+05
2011-04-30  1.698567E+04  6.452108E+02  4.415946E+05  4.789685E+05  1.326407E+05  9.994920E+04  1.595092E+05  2.687921E+05  1.574376E+05  8.007604E+02  7.814178E+05  6.255967E+04  3.042920E+02  6.184138E+02  7.418858E+05  1.976989E+05  8.613259E+05  1.132917E+05  3.602672E+05  3.185577E+04  6.896252E+03  1.019308E+05  1.848755E+05  8.304362E+04  3.177581E+04  1.383927E+05  3.764374E+05  1.063531E+05  4.050618E+05  1.361810E+05  9.326847E+04  5.986768E+05  8.394228E+04  4.927209E+05  4.407637E+03  7.203559E+04  3.472890E+05  3.673079E+04  1.698558E+05  8.105242E+03  2.335334E+04  1.318493E+05  8.288754E+04
2011-05-31  8.713318E+03  7.505700E+01  1.541566E+05  2.251489E+05  6.848216E+04  4.479597E+04  6.206586E+04  1.080615E+05  6.997075E+04  5.361940E+02  4.040600E+05  2.046354E+04  3.107690E+02  5.271008E+02  3.226467E+05  6.734350E+04  4.409282E+05  3.265597E+04  1.383252E+05  8.321573E+03  3.136951E+03  6.191484E+04  6.827990E+04  4.740666E+04  8.936736E+03  6.349990E+04  1.759466E+05  4.709805E+04  1.390348E+05  5.923171E+04  4.201328E+04  2.984721E+05  4.085570E+04  2.431381E+05  1.511478E+03  3.351766E+04  1.739941E+05  1.616283E+04  5.195331E+04  2.966796E+03  8.800135E+03  5.086302E+04  4.048216E+04
2011-06-30  5.775350E+03  1.176274E+02  7.291530E+04  1.308508E+05  4.870257E+04  2.036420E+04  2.758473E+04  6.422232E+04  3.510369E+04  8.754618E+02  2.498170E+05  1.315207E+04  4.779264E+02  5.583174E+02  1.468968E+05  2.612873E+04  2.366997E+05  2.421131E+04  8.448891E+04  9.426016E+03  4.103853E+03  3.656472E+04  5.444274E+04  2.850208E+04  3.421177E+03  3.269546E+04  9.248999E+04  2.669441E+04  8.650564E+04  2.734051E+04  2.212876E+04  1.669802E+05  2.369510E+04  1.318488E+05  1.392530E+03  1.869247E+04  1.062851E+05  9.412275E+03  3.078213E+04  2.379574E+03  6.968820E+03  1.815803E+04  3.287933E+04
2011-07-31  2.334057E+03  2.473960E+01  1.929280E+04  3.846203E+04  2.758679E+04  4.488790E+03  7.136587E+03  2.567722E+04  9.186596E+03  1.122172E+02  8.985994E+04  2.757221E+03  6.720840E+01  6.210300E+01  4.592668E+04  4.454195E+03  7.985549E+04  5.235118E+03  1.814645E+04  1.837817E+03  7.440930E+02  1.088875E+04  2.784704E+04  1.084651E+04  6.906514E+02  9.622028E+03  2.973672E+04  1.058634E+04  1.838320E+04  7.263765E+03  7.225792E+03  4.991768E+04  7.614539E+03  4.212958E+04  4.552188E+02  5.430901E+03  4.801784E+04  2.950439E+03  6.727165E+03  3.590798E+02  1.440078E+03  5.951220E+03  5.786069E+03
2011-08-31  1.568171E+03  1.953260E+01  1.116261E+04  1.316563E+04  1.398331E+04  1.732331E+03  3.334741E+03  7.615225E+03  3.283864E+03  7.515860E+01  2.704089E+04  1.579397E+03  4.531360E+01  1.094740E+01  2.060265E+04  2.418791E+03  2.059950E+04  2.885796E+03  8.201736E+03  8.858504E+02  3.705352E+02  2.289175E+03  7.799553E+03  6.818452E+03  5.080508E+02  2.711856E+03  8.308492E+03  6.881089E+03  8.329676E+03  2.703246E+03  2.268042E+03  1.482552E+04  3.076194E+03  1.840540E+04  2.806954E+02  1.465224E+03  1.675890E+04  7.949184E+02  3.893464E+03  1.848866E+02  4.135882E+02  3.786429E+03  2.948051E+03
2011-09-30  1.212901E+03  1.592580E+01  9.025204E+03  5.433517E+03  7.781646E+03  1.176325E+03  2.394991E+03  3.690442E+03  1.485011E+03  4.086860E+01  8.305902E+03  1.139165E+03  1.709420E+01  8.432800E+00  1.434099E+04  1.753337E+03  7.559599E+03  2.028088E+03  5.840349E+03  6.406642E+02  2.795016E+02  1.233602E+03  2.417953E+03  5.267223E+03  3.906774E+02  1.579626E+03  3.430372E+03  4.383405E+03  5.925642E+03  1.774342E+03  8.151368E+02  6.220790E+03  1.989353E+03  1.172190E+04  2.088134E+02  7.964170E+02  4.923384E+03  4.460494E+02  2.774671E+03  1.316482E+02  2.832608E+02  2.786710E+03  2.021180E+03
2011-10-31  2.737739E+03  1.631188E+02  2.426698E+04  1.389253E+04  1.189416E+04  6.271057E+03  1.841459E+04  3.823614E+03  1.480767E+04  1.361034E+03  2.714549E+04  3.527527E+03  6.499860E+02  2.737866E+02  1.487615E+04  2.149777E+04  1.214735E+04  6.777685E+03  1.857246E+04  3.109824E+03  1.532407E+03  1.101573E+03  2.931363E+03  9.262008E+03  3.244088E+03  6.788506E+03  1.443002E+04  7.206742E+03  2.935321E+04  3.176880E+03  2.655697E+03  1.228278E+04  7.666152E+03  5.875401E+04  9.195054E+02  7.449642E+03  8.804300E+03  1.825346E+03  9.132443E+03  2.403856E+02  9.807448E+02  3.031490E+03  2.005287E+04
2011-11-30  6.340627E+03  8.427720E+01  3.870996E+04  1.546240E+04  2.095421E+04  3.392399E+03  9.376994E+03  7.983423E+03  9.997923E+03  9.568942E+02  1.685808E+04  1.358567E+04  4.800854E+02  8.338058E+02  2.468443E+04  1.245702E+04  1.866227E+04  2.209096E+04  6.798627E+04  1.010493E+04  6.794500E+03  1.370330E+03  7.477912E+03  2.062683E+04  3.295320E+03  8.166862E+03  1.376573E+04  1.484018E+04  6.240755E+04  5.574995E+03  5.445303E+03  1.825125E+04  1.336858E+04  5.108235E+04  1.711604E+03  5.045481E+03  5.403901E+03  1.227353E+03  3.200634E+04  2.152142E+02  6.440678E+02  6.955282E+03  5.480568E+04
2011-12-31  2.880716E+03  5.224780E+01  2.309259E+04  2.402609E+04  1.181344E+04  4.497984E+03  1.150592E+04  4.160901E+03  1.415964E+04  3.884930E+02  2.184936E+04  8.285988E+03  1.983740E+02  3.722370E+02  1.490604E+04  8.095767E+03  3.286468E+04  1.383142E+04  4.264152E+04  6.744183E+03  2.934894E+03  1.064565E+03  6.240297E+03  1.075284E+04  4.977257E+03  1.377884E+04  2.252060E+04  7.897444E+03  4.703849E+04  7.693406E+03  8.857285E+03  3.112823E+04  5.393614E+03  2.285848E+04  7.236714E+02  6.166358E+03  7.142963E+03  1.760677E+03  1.882424E+04  1.767840E+02  8.073136E+02  3.320669E+03  1.528783E+04
2012-01-31  2.262088E+04  7.511288E+02  1.776839E+05  1.044937E+05  6.946473E+04  2.164842E+04  5.683009E+04  2.912039E+04  5.036988E+04  6.533769E+03  9.008110E+04  6.279899E+04  3.092272E+03  2.892730E+03  1.136717E+05  9.394871E+04  1.463081E+05  1.111233E+05  2.941557E+05  4.650168E+04  2.571270E+04  3.073629E+03  4.400248E+04  8.094393E+04  2.174824E+04  5.368280E+04  8.546904E+04  6.932097E+04  3.028714E+05  2.945270E+04  3.146450E+04  1.292147E+05  9.053426E+04  3.198531E+05  6.030062E+03  2.551443E+04  3.076468E+04  8.622919E+03  1.410983E+05  3.633699E+03  1.006851E+04  3.100756E+04  3.181388E+05
2012-02-29  1.420561E+04  8.469630E+02  3.000426E+05  1.973252E+05  5.319042E+04  3.678847E+04  8.906010E+04  2.345205E+04  8.919756E+04  1.633855E+03  1.569536E+05  6.531394E+04  4.875530E+02  7.678166E+02  7.911968E+04  7.101906E+04  2.793847E+05  9.668289E+04  2.907194E+05  3.593361E+04  1.299340E+04  3.049295E+03  9.232649E+04  6.350183E+04  3.272414E+04  9.266283E+04  1.691356E+05  3.521839E+04  3.134098E+05  5.811581E+04  5.482128E+04  2.480798E+05  4.416605E+04  1.312558E+05  5.273523E+03  3.937351E+04  5.598460E+04  1.669265E+04  1.333431E+05  3.297733E+03  5.916930E+03  1.881050E+04  5.513672E+04
2012-03-31  2.194773E+04  6.666992E+02  4.037178E+05  3.123953E+05  1.364249E+05  4.609562E+04  1.019671E+05  9.515985E+04  1.111927E+05  3.474618E+03  2.989675E+05  7.342584E+04  1.874749E+03  1.934413E+03  1.738452E+05  8.979334E+04  5.890060E+05  1.099075E+05  3.728268E+05  3.692401E+04  1.781429E+04  7.356729E+03  1.964306E+05  9.391561E+04  2.993390E+04  1.143634E+05  2.376538E+05  6.400010E+04  3.541832E+05  8.609475E+04  7.942867E+04  4.566628E+05  8.136661E+04  2.916817E+05  6.762496E+03  5.653573E+04  1.482128E+05  2.351225E+04  1.673765E+05  6.395237E+03  1.429906E+04  3.863647E+04  1.679726E+05
2012-04-30  1.750217E+04  1.312697E+03  4.918068E+05  4.166453E+05  1.372033E+05  8.226661E+04  1.343703E+05  2.287725E+05  1.444226E+05  5.615076E+03  6.234226E+05  7.318540E+04  2.349271E+03  6.647942E+02  3.371513E+05  2.155190E+05  7.796358E+05  1.213271E+05  4.077361E+05  3.822095E+04  1.230920E+04  3.270321E+04  2.160215E+05  8.648474E+04  3.468152E+04  1.269041E+05  2.986763E+05  7.080400E+04  4.017380E+05  9.644591E+04  8.574529E+04  5.567235E+05  9.116825E+04  4.589165E+05  5.752160E+03  7.599868E+04  2.661878E+05  3.936817E+04  1.781038E+05  1.183615E+04  3.221025E+04  5.861700E+04  1.320915E+05
2012-05-31  5.681015E+03  9.794240E+01  1.202317E+05  1.667712E+05  4.985324E+04  3.991513E+04  4.424695E+04  7.796919E+04  5.840583E+04  1.454150E+02  3.199886E+05  1.541940E+04  7.848600E+01  6.479540E+01  1.894743E+05  8.148318E+04  3.404784E+05  2.029379E+04  1.086517E+05  3.414141E+03  7.367270E+02  3.999695E+04  5.905157E+04  3.550343E+04  7.916494E+03  4.984402E+04  1.240806E+05  2.619504E+04  1.005273E+05  3.585875E+04  3.166400E+04  2.325637E+05  3.114573E+04  1.888361E+05  1.003224E+03  3.021051E+04  1.159059E+05  1.508564E+04  3.823007E+04  2.054200E+03  8.337220E+03  2.331207E+04  2.006935E+04
2012-06-30  2.891968E+03  2.677160E+01  2.723792E+04  5.141633E+04  3.128185E+04  1.239274E+04  1.031039E+04  3.415990E+04  1.587045E+04  1.953768E+02  1.261669E+05  3.221101E+03  1.426972E+02  8.735060E+01  6.419289E+04  1.340211E+04  1.193160E+05  5.234584E+03  2.716240E+04  1.536624E+03  5.096510E+02  1.385087E+04  3.192882E+04  1.429423E+04  6.803136E+02  1.420025E+04  4.080426E+04  1.270803E+04  2.387166E+04  9.657715E+03  1.024847E+04  7.433470E+04  1.174768E+04  6.474076E+04  5.155946E+02  1.132787E+04  5.610354E+04  4.997501E+03  8.323377E+03  4.729226E+02  1.269263E+03  6.952310E+03  6.382995E+03
2012-07-31  1.861312E+03  1.887220E+01  1.288489E+04  1.832226E+04  1.799280E+04  2.681275E+03  3.326105E+03  1.167305E+04  4.929378E+03  6.184900E+01  4.076819E+04  1.718031E+03  2.674620E+01  3.302000E+01  2.451661E+04  3.377997E+03  3.624486E+04  2.989732E+03  1.055853E+04  9.895586E+02  3.613404E+02  3.174441E+03  1.213734E+04  8.092643E+03  4.123436E+02  3.778021E+03  1.340041E+04  7.197090E+03  1.003783E+04  2.790647E+03  3.368116E+03  2.225269E+04  4.389526E+03  2.271789E+04  3.405886E+02  2.662911E+03  2.128741E+04  1.319327E+03  4.368521E+03  1.390904E+02  4.964684E+02  4.088359E+03  3.332963E+03
2012-08-31  1.443203E+03  1.521460E+01  1.037532E+04  6.382309E+03  9.470949E+03  1.294028E+03  2.081047E+03  4.311472E+03  1.707058E+03  4.490720E+01  1.053064E+04  1.220191E+03  1.800860E+01  6.837680E+01  1.544864E+04  2.046376E+03  9.843135E+03  2.144598E+03  7.350989E+03  7.342632E+02  3.146044E+02  1.336954E+03  3.146476E+03  6.328486E+03  3.304286E+02  1.442441E+03  4.000906E+03  5.281168E+03  6.697269E+03  1.854937E+03  1.059586E+03  7.366025E+03  2.513990E+03  1.238829E+04  2.472436E+02  8.741918E+02  5.538038E+03  4.245102E+02  3.101721E+03  1.035304E+02  3.175762E+02  2.974340E+03  2.275103E+03
2012-09-30  1.067435E+03  1.226820E+01  8.233537E+03  3.884219E+03  6.551879E+03  9.077960E+02  1.552169E+03  3.097809E+03  1.012114E+03  3.505200E+01  5.653202E+03  8.922512E+02  1.430020E+01  6.832600E+00  1.182517E+04  1.524610E+03  5.594553E+03  1.543761E+03  4.965979E+03  5.197856E+02  2.055876E+02  1.027684E+03  1.968246E+03  4.739132E+03  2.598674E+02  1.035609E+03  2.566772E+03  3.439363E+03  4.826508E+03  1.268120E+03  6.323838E+02  3.909263E+03  1.678000E+03  8.408060E+03  1.847342E+02  6.267450E+02  2.462708E+03  3.005328E+02  2.245741E+03  7.863840E+01  2.312416E+02  2.305025E+03  1.623136E+03
2012-10-31  3.116910E+03  4.780280E+01  2.011749E+04  7.207606E+03  1.224468E+04  1.751711E+03  4.576978E+03  4.082872E+03  2.936697E+03  3.243072E+02  8.508314E+03  3.954043E+03  1.683766E+02  3.635502E+02  1.293950E+04  5.249215E+03  7.909484E+03  6.199099E+03  2.292756E+04  3.268345E+03  2.333549E+03  1.062152E+03  3.535858E+03  1.060564E+04  1.392911E+03  3.335401E+03  6.005068E+03  6.067527E+03  2.295865E+04  2.234387E+03  1.814195E+03  6.567856E+03  5.338140E+03  2.417214E+04  8.096250E+02  1.774393E+03  3.259099E+03  5.663946E+02  9.631045E+03  7.152640E+01  2.259584E+02  2.674823E+03  1.822293E+04
2012-11-30  1.267193E+04  2.204466E+02  7.261070E+04  3.792205E+04  3.891445E+04  7.561504E+03  2.405276E+04  1.293124E+04  1.735935E+04  2.624277E+03  3.236608E+04  2.431189E+04  1.515720E+03  2.193722E+03  4.877620E+04  3.177642E+04  3.679477E+04  4.216575E+04  1.255462E+05  1.924296E+04  1.218479E+04  1.686865E+03  1.292263E+04  4.135791E+04  9.619513E+03  2.377473E+04  3.344695E+04  3.521514E+04  1.263773E+05  1.172756E+04  1.256281E+04  3.774267E+04  3.652533E+04  1.473815E+05  2.710358E+03  1.175380E+04  1.084019E+04  2.991663E+03  5.836432E+04  4.626102E+02  1.595907E+03  1.230457E+04  1.220802E+05
2012-12-31  4.337451E+04  2.658796E+03  7.202309E+05  5.417523E+05  1.657193E+05  1.140948E+05  1.993189E+05  8.814984E+04  1.790920E+05  1.299850E+04  7.112610E+05  1.676779E+05  5.567578E+03  3.911244E+03  4.043377E+05  2.834788E+05  7.448368E+05  3.016171E+05  7.691870E+05  1.106803E+05  4.765017E+04  8.136585E+03  2.526075E+05  1.775981E+05  6.682410E+04  1.996262E+05  3.855961E+05  1.659611E+05  8.314456E+05  1.342356E+05  1.255989E+05  6.501462E+05  1.908736E+05  7.161837E+05  1.457287E+04  1.000802E+05  3.339155E+05  6.072970E+04  3.826722E+05  1.613413E+04  3.925796E+04  9.523824E+04  4.857733E+05
2013-01-31  2.611783E+04  1.246835E+03  6.050027E+05  4.729280E+05  1.619401E+05  1.018852E+05  1.697409E+05  2.460599E+05  1.510960E+05  1.710563E+03  7.103889E+05  9.974118E+04  6.184392E+02  5.932424E+02  9.161177E+05  2.418478E+05  8.888586E+05  1.574805E+05  5.216134E+05  4.640560E+04  1.290475E+04  3.064307E+04  2.201070E+05  1.394683E+05  4.399082E+04  1.533379E+05  3.472655E+05  1.386096E+05  5.518496E+05  1.464420E+05  1.013494E+05  6.593082E+05  1.106054E+05  4.479086E+05  8.753246E+03  7.661829E+04  2.955841E+05  4.482196E+04  2.437213E+05  6.046216E+03  1.451615E+04  1.690893E+05  1.187922E+05
2013-02-28  1.605648E+04  3.026156E+02  3.304702E+05  3.273457E+05  1.079831E+05  8.469046E+04  1.144567E+05  1.876242E+05  1.005035E+05  2.629916E+02  5.571097E+05  4.183629E+04  1.159002E+02  1.734312E+02  6.436543E+05  1.059992E+05  6.562510E+05  6.578328E+04  2.457782E+05  1.826024E+04  3.985590E+03  6.041027E+04  1.218563E+05  8.058277E+04  2.132284E+04  1.006493E+05  2.562274E+05  8.261238E+04  2.574873E+05  1.161292E+05  6.894332E+04  4.471794E+05  5.563243E+04  2.544751E+05  3.850411E+03  4.919927E+04  2.305584E+05  2.807680E+04  1.058918E+05  4.537786E+03  9.195562E+03  1.191636E+05  3.763703E+04
2013-03-31  1.063302E+04  9.385300E+01  1.955396E+05  2.376962E+05  7.444024E+04  6.171430E+04  7.471377E+04  1.199547E+05  7.172353E+04  6.331204E+02  4.399554E+05  1.814652E+04  3.848608E+02  1.236980E+02  3.818533E+05  5.368498E+04  4.884354E+05  2.811610E+04  1.208943E+05  6.181725E+03  1.246911E+03  6.049284E+04  6.670294E+04  5.555132E+04  1.021326E+04  7.207781E+04  1.954888E+05  4.767992E+04  1.200979E+05  7.998630E+04  4.839823E+04  3.245074E+05  3.642678E+04  1.906506E+05  1.634312E+03  3.581570E+04  1.884541E+05  1.895478E+04  4.767463E+04  4.044671E+03  6.287237E+03  6.827528E+04  2.930682E+04
2013-04-30  6.536334E+03  1.259078E+02  1.039529E+05  1.513995E+05  5.167102E+04  3.359605E+04  4.077000E+04  7.218591E+04  4.619305E+04  8.928862E+02  2.866389E+05  1.200528E+04  3.960622E+02  3.973576E+02  1.954326E+05  2.916151E+04  3.010968E+05  1.994962E+04  7.298050E+04  6.549619E+03  3.310433E+03  3.381078E+04  5.532054E+04  3.443333E+04  6.567094E+03  4.576521E+04  1.247122E+05  2.701051E+04  6.840111E+04  3.822667E+04  2.892257E+04  2.076470E+05  2.233366E+04  1.198141E+05  1.255014E+03  2.219907E+04  1.166199E+05  1.032579E+04  3.001135E+04  2.767381E+03  6.724574E+03  2.951170E+04  2.335903E+04
2013-05-31  5.118887E+03  1.932686E+02  5.110561E+04  6.773263E+04  4.108833E+04  1.410020E+04  1.823931E+04  3.963363E+04  2.261499E+04  1.121156E+03  1.490718E+05  8.102829E+03  5.845810E+02  6.040882E+02  7.771884E+04  1.731686E+04  1.393720E+05  1.654490E+04  5.105431E+04  7.361606E+03  3.740328E+03  1.327074E+04  3.610714E+04  2.440435E+04  3.701415E+03  2.320282E+04  6.107572E+04  1.977835E+04  5.529595E+04  1.554622E+04  1.528087E+04  9.464347E+04  1.766755E+04  7.713601E+04  1.073912E+03  1.355255E+04  7.236643E+04  5.879211E+03  1.899709E+04  2.250211E+03  5.147818E+03  1.050912E+04  2.877370E+04
2013-06-30  1.857375E+03  2.230120E+01  1.324547E+04  2.265076E+04  1.902041E+04  2.907665E+03  4.045687E+03  1.306241E+04  5.957240E+03  5.461000E+01  4.898705E+04  1.618539E+03  2.270760E+01  2.961640E+01  2.551074E+04  2.457577E+03  4.629851E+04  2.924023E+03  9.089492E+03  9.084564E+02  4.398772E+02  3.179928E+03  1.223886E+04  8.375828E+03  5.056378E+02  5.652948E+03  1.897525E+04  6.947383E+03  8.607654E+03  3.630270E+03  4.440733E+03  2.803677E+04  3.802126E+03  2.013019E+04  2.968752E+02  3.315132E+03  2.868920E+04  1.459611E+03  3.981526E+03  2.147824E+02  9.184386E+02  4.314647E+03  2.836926E+03
2013-07-31  2.762021E+03  5.052060E+01  1.713393E+04  9.059342E+03  1.390863E+04  1.658493E+03  3.351022E+03  5.162753E+03  2.559355E+03  2.451608E+02  1.813812E+04  2.035810E+03  1.885950E+02  2.473706E+02  1.681389E+04  2.640152E+03  1.361834E+04  3.227426E+03  1.603187E+04  1.479169E+03  6.212078E+02  1.383640E+03  3.537026E+03  8.657006E+03  5.061712E+02  2.129739E+03  6.044844E+03  7.090486E+03  1.844848E+04  2.760345E+03  1.737335E+03  1.054948E+04  3.983761E+03  1.856560E+04  5.526278E+02  2.018665E+03  1.092408E+04  1.113130E+03  4.909134E+03  4.424172E+02  5.962396E+02  3.256483E+03  7.029933E+03
2013-08-31  1.324559E+03  1.696720E+01  9.171330E+03  4.517873E+03  7.401255E+03  1.105129E+03  2.082013E+03  3.396767E+03  1.229055E+03  7.338060E+01  7.075272E+03  1.155649E+03  5.133340E+01  6.835140E+01  1.333701E+04  1.609014E+03  6.536969E+03  2.171395E+03  6.347028E+03  5.915660E+02  3.246628E+02  1.075792E+03  2.117496E+03  5.376774E+03  3.828796E+02  1.584960E+03  2.995473E+03  4.931537E+03  5.368112E+03  1.732991E+03  8.642858E+02  5.023155E+03  1.720317E+03  1.086950E+04  2.166874E+02  8.834120E+02  3.486353E+03  4.110736E+02  3.037535E+03  1.306830E+02  2.576322E+02  2.601493E+03  1.574927E+03
2013-09-30  1.024082E+04  5.806440E+01  2.177656E+04  8.770036E+03  2.858948E+04  1.955749E+03  5.703062E+03  9.286621E+03  3.582365E+03  6.919722E+02  1.141527E+04  3.083027E+03  4.600956E+02  6.921246E+02  1.489895E+04  6.835546E+03  8.665489E+03  4.999076E+03  2.238525E+04  2.213762E+03  1.711935E+03  1.422070E+03  3.356712E+03  1.294681E+04  1.537056E+03  4.959655E+03  7.029602E+03  8.496605E+03  1.706684E+04  2.830906E+03  2.218969E+03  8.132166E+03  7.665923E+03  4.790859E+04  1.048868E+03  3.373501E+03  3.800500E+03  6.922770E+02  7.819695E+03  1.344676E+02  2.638298E+02  3.049270E+03  1.698104E+04
2013-10-31  7.173036E+03  8.315960E+01  2.511217E+04  1.917428E+04  1.862668E+04  3.369285E+03  8.413547E+03  1.261024E+04  1.018146E+04  6.166866E+02  1.756451E+04  5.275631E+03  2.144014E+02  8.562340E+01  1.270881E+04  1.464201E+04  1.698922E+04  7.844485E+03  2.935458E+04  4.067886E+03  1.968805E+03  1.683995E+03  5.776824E+03  7.168159E+03  3.835527E+03  1.027168E+04  1.825897E+04  4.190009E+03  3.349996E+04  2.678836E+03  3.355010E+03  1.822287E+04  4.008984E+03  2.788402E+04  1.461795E+03  4.202278E+03  6.820230E+03  1.451508E+03  1.165642E+04  1.481328E+02  3.079750E+02  2.900223E+03  1.827403E+04
2013-11-30  2.914980E+03  3.667760E+01  1.691013E+04  9.268409E+03  1.104168E+04  1.627683E+03  4.144543E+03  3.868623E+03  3.855034E+03  3.298190E+02  8.997061E+03  3.800780E+03  1.606296E+02  2.357882E+02  1.151504E+04  5.431638E+03  9.772574E+03  6.141110E+03  1.937400E+04  3.004261E+03  1.807540E+03  9.718802E+02  3.081299E+03  8.180553E+03  1.460246E+03  3.911676E+03  7.777963E+03  5.133797E+03  2.035104E+04  2.124202E+03  1.966062E+03  8.801202E+03  4.375607E+03  1.976653E+04  6.245606E+02  2.050059E+03  3.463519E+03  6.756908E+02  8.571382E+03  1.137920E+02  2.390140E+02  2.438679E+03  1.339372E+04
2013-12-31  1.559712E+03  1.310640E+01  1.217026E+04  1.174592E+04  7.767726E+03  9.628124E+02  2.543251E+03  2.855722E+03  4.329455E+03  3.164840E+01  7.987868E+03  2.328342E+03  1.424940E+01  5.613400E+01  9.575978E+03  1.607998E+03  1.553924E+04  3.974440E+03  1.205349E+04  2.217471E+03  6.509004E+02  8.935466E+02  2.524760E+03  4.796536E+03  1.829206E+03  5.868213E+03  1.003666E+04  3.035910E+03  1.632892E+04  2.353945E+03  3.447720E+03  1.424381E+04  1.429283E+03  6.522491E+03  3.585718E+02  1.649273E+03  3.161995E+03  5.315712E+02  5.730443E+03  9.202420E+01  1.913382E+02  1.853057E+03  1.573327E+03
2014-01-31  2.583637E+03  7.914640E+01  1.870895E+04  1.676161E+04  1.111118E+04  2.183079E+03  6.837248E+03  3.606114E+03  7.481697E+03  5.304028E+02  1.326406E+04  5.291277E+03  2.631186E+02  2.515108E+02  1.222530E+04  8.050200E+03  1.998185E+04  9.041943E+03  2.502459E+04  3.963975E+03  2.061718E+03  9.484360E+02  3.348203E+03  8.390585E+03  3.384906E+03  9.239199E+03  1.546263E+04  5.823864E+03  2.724313E+04  3.258896E+03  4.543831E+03  1.898432E+04  6.196254E+03  2.560892E+04  6.669024E+02  3.320593E+03  5.143703E+03  1.238860E+03  1.197000E+04  1.442466E+02  3.146552E+02  2.629789E+03  1.824782E+04
2014-02-28  2.290044E+04  6.700520E+02  1.639967E+05  9.125278E+04  7.088640E+04  1.888485E+04  5.683207E+04  2.651247E+04  4.399763E+04  5.236032E+03  6.786730E+04  5.263977E+04  2.357374E+03  2.621890E+03  7.449754E+04  7.894381E+04  9.572054E+04  9.139093E+04  2.608796E+05  4.304358E+04  2.443917E+04  2.538832E+03  2.767683E+04  7.102960E+04  2.211106E+04  5.184061E+04  7.920962E+04  5.109164E+04  2.881000E+05  2.416802E+04  2.341712E+04  9.894357E+04  6.719560E+04  2.447553E+05  7.075932E+03  2.173818E+04  2.507597E+04  7.640752E+03  1.176790E+05  2.418055E+03  4.562500E+03  2.142513E+04  2.605576E+05
2014-03-31  1.759389E+04  8.701532E+02  4.251803E+05  2.496214E+05  1.152092E+05  3.636406E+04  1.013371E+05  5.268323E+04  1.029191E+05  3.065805E+03  1.699930E+05  6.515974E+04  1.333068E+03  1.558950E+03  5.977466E+04  7.673238E+04  2.956945E+05  1.024698E+05  3.351531E+05  4.112420E+04  1.713436E+04  2.344369E+03  1.950067E+05  6.298707E+04  3.732710E+04  1.085024E+05  2.053264E+05  3.932410E+04  3.358114E+05  5.630842E+04  6.011497E+04  2.812388E+05  6.379299E+04  2.165667E+05  6.402527E+03  4.548012E+04  6.064954E+04  1.851388E+04  1.332173E+05  4.965446E+03  1.051410E+04  1.442118E+04  1.184806E+05
2014-04-30  5.397602E+03  1.151382E+02  1.875974E+05  1.509256E+05  5.752287E+04  1.782806E+04  4.566064E+04  7.698872E+04  5.770202E+04  2.560828E+02  1.300736E+05  2.275906E+04  9.278620E+01  1.078230E+02  2.118891E+04  2.291479E+04  2.664972E+05  2.477661E+04  1.430197E+05  5.609463E+03  1.733982E+03  1.295806E+03  8.431200E+04  2.870213E+04  1.535491E+04  5.909343E+04  1.056678E+05  7.611389E+03  1.094093E+05  2.802966E+04  3.054769E+04  2.450387E+05  2.418057E+04  1.066448E+05  1.520698E+03  2.262104E+04  4.582889E+04  9.887179E+03  4.525376E+04  1.714678E+03  3.591484E+03  3.621049E+03  1.698335E+04
2014-05-31  3.403117E+03  3.380740E+01  5.343207E+04  6.203691E+04  3.731608E+04  5.900522E+03  1.106096E+04  4.387106E+04  1.969630E+04  2.140204E+02  6.960387E+04  5.007153E+03  1.348740E+02  2.230628E+02  1.539133E+04  7.090461E+03  1.378591E+05  5.999556E+03  4.424711E+04  1.629232E+03  8.531098E+02  5.907126E+03  4.634768E+04  1.652394E+04  2.144243E+03  2.324644E+04  4.502846E+04  6.245022E+03  3.339993E+04  1.125939E+04  1.254857E+04  1.065694E+05  1.202385E+04  5.732269E+04  7.007606E+02  1.151258E+04  3.658903E+04  4.305173E+03  1.075464E+04  3.185922E+02  6.917690E+02  2.787066E+03  7.642733E+03
2014-06-30  1.716481E+03  1.521460E+01  1.446421E+04  2.224245E+04  2.140862E+04  1.095172E+03  2.804338E+03  1.514935E+04  5.784113E+03  7.691120E+01  2.756921E+04  1.546276E+03  4.871720E+01  1.338580E+01  1.158055E+04  2.263648E+03  4.476722E+04  2.336038E+03  1.127722E+04  5.998464E+02  2.613660E+02  4.010203E+03  1.962107E+04  7.307250E+03  3.550412E+02  6.368720E+03  1.733509E+04  3.223184E+03  9.974859E+03  2.738476E+03  4.882286E+03  3.028081E+04  3.976726E+03  2.033016E+04  3.450082E+02  3.273984E+03  1.489641E+04  1.167536E+03  3.694938E+03  1.071118E+02  2.267458E+02  2.141779E+03  2.427681E+03
2014-07-31  1.733779E+03  1.234440E+01  1.143660E+04  8.242097E+03  1.212431E+04  6.600444E+02  1.434821E+03  4.590694E+03  2.002663E+03  5.232400E+01  8.995486E+03  1.353871E+03  3.429000E+01  1.698498E+02  1.052093E+04  1.603908E+03  1.231113E+04  2.156231E+03  9.362440E+03  6.551422E+02  4.042918E+02  1.357909E+03  5.152644E+03  6.848145E+03  3.062732E+02  1.451712E+03  4.992700E+03  3.848303E+03  7.243826E+03  1.435303E+03  1.584655E+03  9.770618E+03  2.607793E+03  1.269274E+04  2.791714E+02  5.055362E+02  4.412412E+03  2.389886E+02  3.376320E+03  8.526780E+01  1.884934E+02  1.908937E+03  2.140814E+03
2014-08-31  1.184224E+03  1.211580E+01  8.614105E+03  3.732327E+03  7.190969E+03  5.741924E+02  1.228649E+03  2.992374E+03  8.493252E+02  6.751320E+01  5.061179E+03  9.238742E+02  5.057140E+01  6.731000E+01  9.173261E+03  1.337843E+03  5.434940E+03  1.623390E+03  5.748172E+03  4.117594E+02  2.272284E+02  1.016737E+03  2.180158E+03  4.776445E+03  2.524506E+02  8.755126E+02  2.181174E+03  3.126232E+03  4.678528E+03  1.098372E+03  5.964174E+02  4.067480E+03  1.756816E+03  8.593099E+03  2.014220E+02  5.582412E+02  2.214474E+03  1.988058E+02  2.352319E+03  7.264400E+01  1.637792E+02  1.656817E+03  1.350137E+03
2014-09-30  5.232984E+03  2.418080E+02  3.017383E+04  1.445610E+04  1.836115E+04  4.606315E+03  1.170843E+04  6.832981E+03  7.990840E+03  1.943532E+03  2.152492E+04  9.921672E+03  1.013612E+03  8.181594E+02  2.470752E+04  2.265426E+04  1.365026E+04  1.821835E+04  5.110127E+04  8.095894E+03  4.751146E+03  1.205128E+03  5.511140E+03  1.796311E+04  3.456813E+03  7.922031E+03  1.287064E+04  1.510807E+04  5.041168E+04  4.600219E+03  3.991051E+03  1.341869E+04  1.648719E+04  7.413625E+04  1.179322E+03  5.944591E+03  7.901280E+03  2.162480E+03  2.410965E+04  2.862580E+02  4.454144E+02  5.948020E+03  5.213797E+04
2014-10-31  8.898052E+03  4.815332E+02  6.480581E+04  4.855908E+04  2.958369E+04  1.309751E+04  3.111523E+04  1.080371E+04  2.957058E+04  3.212592E+03  5.904319E+04  2.309904E+04  1.473098E+03  1.418768E+03  3.503381E+04  4.705431E+04  4.482285E+04  4.092636E+04  1.165599E+05  1.973938E+04  1.020387E+04  1.505661E+03  1.161953E+04  3.006806E+04  1.137689E+04  2.787538E+04  4.682460E+04  2.529830E+04  1.318008E+05  1.125512E+04  1.280556E+04  4.692406E+04  2.813045E+04  1.144357E+05  2.700807E+03  1.609550E+04  2.386996E+04  7.186066E+03  5.315880E+04  8.003286E+02  8.885174E+02  9.332036E+03  9.756671E+04
2014-11-30  6.602552E+03  7.407656E+02  6.951904E+04  1.134373E+05  2.262843E+04  2.123323E+04  5.339113E+04  8.882634E+03  5.508109E+04  2.880893E+03  1.131502E+05  2.824317E+04  1.266317E+03  8.104378E+02  3.074058E+04  5.176543E+04  1.130204E+05  5.266502E+04  1.324231E+05  2.529754E+04  9.330436E+03  1.327099E+03  1.392860E+04  2.305078E+04  2.028248E+04  5.355234E+04  9.181549E+04  2.233712E+04  1.760078E+05  2.289132E+04  2.544326E+04  1.142231E+05  2.599969E+04  1.061973E+05  2.333650E+03  2.632928E+04  4.873714E+04  1.496075E+04  6.518656E+04  4.133545E+03  7.424522E+03  8.104556E+03  7.467153E+04
2014-12-31  1.438570E+04  2.068576E+03  2.034396E+05  4.409487E+05  4.150647E+04  6.195710E+04  1.312884E+05  2.012912E+04  1.517226E+05  7.327722E+03  5.800046E+05  6.804929E+04  2.911577E+03  1.514856E+03  1.126264E+05  1.445423E+05  4.856721E+05  1.352561E+05  2.835113E+05  4.805286E+04  1.803377E+04  2.182901E+03  4.637809E+04  5.185133E+04  4.212458E+04  1.323110E+05  3.145842E+05  6.256241E+04  3.307034E+05  6.062223E+04  7.239655E+04  4.535349E+05  5.622041E+04  3.447888E+05  4.636973E+03  8.603201E+04  3.348099E+05  5.543451E+04  1.629752E+05  1.642692E+04  4.518264E+04  2.827769E+04  1.520297E+05
2015-01-31  8.686394E+03  1.095553E+03  2.999820E+05  4.748014E+05  3.727356E+04  6.795473E+04  1.314431E+05  1.484879E+04  1.483385E+05  1.458468E+03  6.706639E+05  5.813435E+04  4.889500E+02  6.288024E+02  8.979014E+04  1.607888E+05  7.503410E+05  9.188102E+04  2.715089E+05  2.722855E+04  8.360156E+03  1.662201E+03  1.464317E+05  4.107713E+04  3.633183E+04  1.199073E+05  3.343864E+05  3.052003E+04  2.820888E+05  7.094997E+04  6.748209E+04  5.734531E+05  4.339417E+04  2.861557E+05  2.896159E+03  7.102958E+04  2.987675E+05  4.302399E+04  1.402021E+05  6.523507E+03  2.314750E+04  1.599916E+04  6.667315E+04
2015-02-28  4.371134E+04  2.702204E+03  8.414515E+05  9.922593E+05  2.838953E+05  2.080654E+05  3.154172E+05  2.847685E+05  3.367300E+05  1.230805E+04  1.688830E+06  1.730289E+05  5.323027E+03  3.792093E+03  7.074337E+05  4.669635E+05  1.654304E+06  2.890313E+05  8.698946E+05  1.016626E+05  3.929817E+04  1.496781E+04  4.306782E+05  1.893021E+05  6.646093E+04  2.740894E+05  8.154034E+05  1.838253E+05  9.593300E+05  2.148028E+05  1.667268E+05  1.189816E+06  2.506137E+05  1.104437E+06  1.418735E+04  1.891266E+05  7.725525E+05  1.023498E+05  4.035446E+05  2.890329E+04  1.012829E+05  1.331093E+05  4.984315E+05
2015-03-31  1.542575E+04  1.092581E+03  3.350375E+05  5.513275E+05  1.055214E+05  1.442423E+05  1.944077E+05  1.949105E+05  1.998395E+05  1.121740E+03  9.115290E+05  6.632649E+04  5.591302E+02  3.779012E+02  6.276532E+05  2.363132E+05  9.545447E+05  1.034488E+05  3.655994E+05  3.200669E+04  4.227017E+03  7.347191E+04  1.414508E+05  8.869431E+04  3.882835E+04  1.606245E+05  4.916628E+05  9.471294E+04  4.620752E+05  1.451278E+05  9.916366E+04  6.714757E+05  8.319122E+04  4.468263E+05  3.655009E+03  1.025047E+05  3.649067E+05  5.180909E+04  1.731851E+05  1.033356E+04  2.885115E+04  1.138756E+05  6.749865E+04
2015-04-30  6.753377E+03  1.864106E+02  1.104321E+05  2.817255E+05  5.519593E+04  7.346053E+04  9.429638E+04  8.528230E+04  1.044296E+05  4.435348E+02  4.971120E+05  1.710240E+04  2.242058E+02  7.726680E+01  2.799503E+05  7.947330E+04  5.050079E+05  2.541643E+04  1.124631E+05  5.719648E+03  1.052652E+03  5.539329E+04  5.911720E+04  4.541502E+04  1.584498E+04  8.437809E+04  2.571584E+05  3.754597E+04  1.318813E+05  6.715770E+04  4.629216E+04  3.464978E+05  3.539533E+04  2.055740E+05  9.867138E+02  5.133939E+04  1.839171E+05  2.393950E+04  4.422910E+04  5.168443E+03  1.262629E+04  4.338064E+04  2.359116E+04
2015-05-31  5.254574E+03  1.578864E+02  4.420631E+04  1.189787E+05  4.172245E+04  2.931785E+04  3.287009E+04  4.240279E+04  4.522963E+04  8.526018E+02  2.314909E+05  7.731785E+03  4.539234E+02  4.706112E+02  1.052175E+05  2.334547E+04  2.197352E+05  1.367465E+04  5.325239E+04  5.433720E+03  2.839136E+03  2.263430E+04  4.097823E+04  2.711686E+04  4.622190E+03  3.642751E+04  1.109796E+05  2.154222E+04  5.742917E+04  2.455537E+04  2.019513E+04  1.563200E+05  1.775785E+04  9.125006E+04  1.088873E+03  2.410064E+04  9.504807E+04  1.026754E+04  1.885391E+04  2.971368E+03  5.043881E+03  1.361006E+04  1.428953E+04
2015-06-30  2.019935E+03  3.075940E+01  1.333947E+04  4.115928E+04  2.101672E+04  7.826146E+03  8.711870E+03  1.435377E+04  1.417132E+04  1.208786E+02  8.536623E+04  2.141677E+03  7.289800E+01  3.126740E+01  3.475546E+04  4.176624E+03  8.132841E+04  3.808222E+03  1.234331E+04  1.262304E+03  4.657344E+02  5.673877E+03  1.731338E+04  9.861499E+03  8.574786E+02  1.202995E+04  3.999807E+04  8.937244E+03  1.290323E+04  6.373901E+03  6.959397E+03  5.198687E+04  5.683529E+03  2.976624E+04  3.569208E+02  8.461350E+03  4.293296E+04  3.760775E+03  5.209946E+03  4.419600E+02  1.770863E+03  5.336743E+03  3.877970E+03
2015-07-31  2.001190E+03  3.093720E+01  1.148220E+04  1.509047E+04  1.200356E+04  2.218360E+03  4.176420E+03  4.922622E+03  4.724578E+03  1.723644E+02  2.475979E+04  1.655039E+03  1.298194E+02  1.797558E+02  1.909498E+04  2.823312E+03  2.148416E+04  2.905862E+03  9.749866E+03  9.846564E+02  5.145532E+02  1.617828E+03  4.329633E+03  8.235417E+03  6.527292E+02  3.499510E+03  1.173658E+04  7.482408E+03  8.324520E+03  2.813152E+03  2.442413E+03  1.530761E+04  3.255086E+03  1.856303E+04  2.844800E+02  2.582088E+03  1.381717E+04  1.039241E+03  4.111955E+03  2.761488E+02  4.489958E+02  3.653587E+03  2.712237E+03
2015-08-31  1.196162E+03  1.927860E+01  8.542477E+03  5.511292E+03  7.127469E+03  1.313231E+03  2.469109E+03  3.411068E+03  1.789760E+03  4.470400E+01  8.247024E+03  1.155090E+03  1.856740E+01  2.405380E+01  1.370228E+04  1.783740E+03  7.591400E+03  1.975409E+03  5.743626E+03  6.599682E+02  2.955544E+02  1.120877E+03  2.333320E+03  5.226406E+03  4.440936E+02  1.652372E+03  3.884676E+03  4.207307E+03  5.626202E+03  1.679575E+03  8.040370E+02  6.265875E+03  1.863801E+03  1.017252E+04  2.069084E+02  9.113012E+02  4.429531E+03  5.216398E+02  2.752090E+03  1.637284E+02  2.945638E+02  2.730525E+03  1.809090E+03
2015-09-30  1.113307E+03  1.699260E+01  7.659370E+03  3.880917E+03  6.217945E+03  1.001014E+03  2.062175E+03  2.765577E+03  1.268501E+03  7.287260E+01  5.934024E+03  8.920734E+02  4.521200E+01  1.846580E+01  1.094918E+04  1.610893E+03  5.131333E+03  1.508379E+03  4.549470E+03  5.041138E+02  2.334260E+02  9.339326E+02  1.912290E+03  4.435399E+03  3.659378E+02  1.299845E+03  2.722677E+03  3.107512E+03  4.389882E+03  1.228242E+03  5.799328E+02  3.958793E+03  1.506017E+03  9.861652E+03  1.908048E+02  8.470646E+02  2.813406E+03  3.849116E+02  2.135403E+03  1.196594E+02  2.262886E+02  2.160473E+03  1.401445E+03
2015-10-31  1.327760E+03  2.047240E+01  8.681695E+03  3.631387E+03  6.906616E+03  9.438132E+02  2.187778E+03  2.581377E+03  1.351051E+03  1.250442E+02  6.001182E+03  8.820912E+02  9.100820E+01  8.186420E+01  1.024280E+04  1.778813E+03  5.051069E+03  1.606677E+03  5.062830E+03  5.693918E+02  3.050540E+02  8.941054E+02  1.859636E+03  5.495823E+03  4.612386E+02  1.515415E+03  2.779979E+03  3.486201E+03  4.805426E+03  1.290549E+03  7.633716E+02  3.958996E+03  1.587424E+03  9.889769E+03  2.003298E+02  1.096772E+03  2.631567E+03  3.665474E+02  2.214702E+03  1.015746E+02  2.004822E+02  1.971319E+03  1.435202E+03
2015-11-30  3.225216E+03  3.248660E+01  2.655679E+04  1.603012E+04  1.225548E+04  1.934032E+03  7.148373E+03  3.403727E+03  7.541285E+03  4.794504E+02  1.096599E+04  8.160563E+03  2.340102E+02  3.756152E+02  1.100447E+04  7.033412E+03  1.655176E+04  1.129180E+04  3.877691E+04  6.230518E+03  3.291713E+03  9.131046E+02  3.907942E+03  1.069170E+04  3.409671E+03  8.894394E+03  1.417221E+04  6.944385E+03  3.806574E+04  3.593186E+03  4.900752E+03  1.596423E+04  3.386658E+03  2.071980E+04  1.246149E+03  3.463696E+03  3.787013E+03  6.378448E+02  1.829468E+04  9.580880E+01  2.054860E+02  2.468245E+03  6.681749E+03
2015-12-31  3.500359E+04  1.648485E+03  4.147519E+05  2.736638E+05  1.111142E+05  5.101694E+04  1.229746E+05  4.681108E+04  1.219133E+05  1.072342E+04  2.267376E+05  1.239899E+05  4.789449E+03  4.377207E+03  2.233391E+05  1.793333E+05  3.150896E+05  2.200893E+05  5.642607E+05  8.468200E+04  4.095369E+04  4.530039E+03  1.306518E+05  1.297532E+05  4.412323E+04  1.184366E+05  2.310248E+05  1.239937E+05  5.545918E+05  6.852989E+04  7.171896E+04  2.767188E+05  1.187894E+05  5.068098E+05  1.082599E+04  6.703334E+04  7.210346E+04  2.062754E+04  2.838448E+05  6.208243E+03  1.497846E+04  6.337541E+04  4.315658E+05
2016-01-31  5.137968E+04  2.344928E+03  1.203219E+06  8.518124E+05  3.469914E+05  1.440978E+05  2.959274E+05  3.156404E+05  2.965029E+05  9.562338E+03  1.043580E+06  1.873385E+05  4.254525E+03  3.382975E+03  1.140903E+06  3.350210E+05  1.520043E+06  3.017437E+05  8.646965E+05  9.396915E+04  3.539081E+04  3.502116E+04  3.798591E+05  2.171724E+05  7.508700E+04  2.854890E+05  6.514917E+05  2.197951E+05  8.617781E+05  2.209672E+05  1.707357E+05  1.128544E+06  2.733028E+05  1.026494E+06  1.819217E+04  1.572608E+05  4.527741E+05  6.768716E+04  4.152789E+05  1.750413E+04  4.008902E+04  2.308088E+05  4.732001E+05
2016-02-29  4.120126E+04  1.865376E+03  9.144005E+05  8.107841E+05  2.701614E+05  1.944348E+05  3.098172E+05  4.771593E+05  2.827511E+05  4.855718E+03  1.303861E+06  1.463113E+05  1.789786E+03  8.181848E+02  1.797318E+06  4.141296E+05  1.388884E+06  2.454176E+05  7.649970E+05  7.456358E+04  1.981385E+04  1.529177E+05  3.259907E+05  1.936927E+05  6.105995E+04  2.302551E+05  6.605604E+05  2.531391E+05  8.397504E+05  2.418565E+05  1.475333E+05  9.889012E+05  1.805216E+05  8.742514E+05  1.371036E+04  1.482378E+05  4.924509E+05  6.476929E+04  3.677554E+05  1.253645E+04  3.576991E+04  3.462651E+05  2.216814E+05
2016-03-31  4.526130E+04  1.811655E+03  8.556806E+05  1.051183E+06  3.107898E+05  2.453510E+05  3.800255E+05  5.433477E+05  3.545874E+05  7.297699E+03  1.752203E+06  1.342185E+05  3.114167E+03  1.873047E+03  1.469427E+06  4.371328E+05  1.774151E+06  2.394337E+05  7.489331E+05  7.513358E+04  2.362510E+04  2.079891E+05  4.013634E+05  1.906001E+05  6.611938E+04  2.982084E+05  8.629005E+05  2.384831E+05  7.931416E+05  2.787925E+05  1.729242E+05  1.295839E+06  2.231894E+05  1.158353E+06  1.167432E+04  1.831349E+05  7.323068E+05  7.773228E+04  3.357336E+05  2.077735E+04  6.198492E+04  2.767366E+05  3.026536E+05
2016-04-30  1.726402E+04  5.069840E+02  2.780998E+05  4.942253E+05  1.062513E+05  1.246328E+05  1.873120E+05  2.039408E+05  1.764800E+05  1.153262E+03  8.261396E+05  4.588744E+04  5.690870E+02  4.050538E+02  6.028446E+05  1.999290E+05  7.946341E+05  7.497727E+04  2.665879E+05  1.771109E+04  3.655517E+03  8.661684E+04  1.259914E+05  8.150563E+04  3.166925E+04  1.411696E+05  4.337127E+05  9.056873E+04  2.945338E+05  1.262229E+05  7.701252E+04  5.702361E+05  7.897129E+04  4.652234E+05  2.598674E+03  8.739116E+04  3.427132E+05  3.671908E+04  1.185010E+05  8.084871E+03  2.426452E+04  1.167295E+05  6.663484E+04
2016-05-31  6.934276E+03  1.126744E+02  7.608334E+04  2.277233E+05  5.308333E+04  5.463451E+04  7.393234E+04  7.740467E+04  8.225231E+04  4.036568E+02  4.319559E+05  1.131448E+04  2.122678E+02  8.234680E+01  2.397524E+05  5.514932E+04  3.835086E+05  1.797634E+04  7.951391E+04  3.631717E+03  1.262177E+03  5.144333E+04  5.297642E+04  3.933495E+04  9.851161E+03  6.403995E+04  2.001164E+05  3.258246E+04  7.896913E+04  4.613107E+04  3.098127E+04  2.649508E+05  3.292709E+04  1.972498E+05  8.783574E+02  4.157182E+04  1.639093E+05  1.802889E+04  2.792283E+04  4.077767E+03  1.255862E+04  3.705230E+04  2.158558E+04
2016-06-30  4.144645E+03  8.836660E+01  2.589670E+04  7.365977E+04  3.450184E+04  1.683073E+04  1.988878E+04  3.324746E+04  2.443602E+04  5.419598E+02  1.700191E+05  5.563514E+03  2.921762E+02  3.351530E+02  7.165492E+04  1.246952E+04  1.324357E+05  1.038578E+04  3.446229E+04  3.960165E+03  1.979676E+03  1.688567E+04  2.881234E+04  1.910105E+04  1.987093E+03  1.983257E+04  6.467096E+04  1.704868E+04  3.477621E+04  1.211819E+04  1.057239E+04  9.088069E+04  1.436261E+04  7.573360E+04  7.115556E+02  1.544495E+04  7.222914E+04  6.778269E+03  1.343467E+04  1.265987E+03  3.368446E+03  9.698380E+03  1.588196E+04
2016-07-31  2.111858E+03  2.661920E+01  1.240516E+04  2.429025E+04  1.794167E+04  3.897122E+03  6.541694E+03  1.105868E+04  7.329500E+03  9.763760E+01  5.488310E+04  2.117903E+03  2.969260E+01  4.213860E+01  2.694808E+04  3.455137E+03  4.041671E+04  3.687216E+03  1.093536E+04  1.206144E+03  6.006592E+02  3.931818E+03  1.029175E+04  9.045067E+03  9.807448E+02  6.073318E+03  2.074756E+04  8.325028E+03  1.072076E+04  3.675837E+03  3.501492E+03  2.755354E+04  4.868342E+03  2.715600E+04  3.509264E+02  4.102608E+03  3.050652E+04  2.110384E+03  5.060239E+03  2.860548E+02  7.338822E+02  4.957039E+03  3.933850E+03
2016-08-31  1.606271E+03  2.087880E+01  1.018268E+04  8.478749E+03  9.508515E+03  1.847825E+03  3.856558E+03  4.498391E+03  2.768600E+03  7.338060E+01  1.450180E+04  1.516329E+03  2.159000E+01  5.478780E+01  1.703962E+04  2.274672E+03  1.087191E+04  2.623845E+03  7.786243E+03  8.834374E+02  4.725924E+02  1.413434E+03  3.106369E+03  6.798437E+03  7.366000E+02  2.455875E+03  5.874995E+03  5.783021E+03  7.343877E+03  2.331288E+03  1.141527E+03  9.485554E+03  2.738069E+03  1.613258E+04  2.601214E+02  1.240968E+03  8.656091E+03  6.400800E+02  3.625037E+03  1.908048E+02  3.716782E+02  3.465246E+03  2.621407E+03
2016-09-30  1.208913E+03  1.656080E+01  8.222996E+03  4.637430E+03  6.789420E+03  1.263117E+03  2.743479E+03  3.253867E+03  1.557426E+03  5.674360E+01  6.826783E+03  1.113612E+03  1.696720E+01  7.797800E+00  1.281702E+04  1.703172E+03  5.958840E+03  1.901673E+03  5.467325E+03  6.342126E+02  3.306826E+02  1.027608E+03  2.172360E+03  5.178501E+03  5.583428E+02  1.740103E+03  3.351479E+03  3.849395E+03  5.327040E+03  1.587602E+03  6.969760E+02  4.960849E+03  1.869034E+03  1.157000E+04  1.970278E+02  8.591296E+02  3.299816E+03  4.383278E+02  2.663825E+03  1.353566E+02  2.654554E+02  2.614574E+03  1.876019E+03
2016-10-31  2.862575E+04  1.034136E+03  1.457164E+05  9.870811E+04  7.699820E+04  2.154215E+04  6.341014E+04  3.202043E+04  4.293225E+04  7.498309E+03  9.375290E+04  5.578363E+04  3.630549E+03  3.645256E+03  9.478673E+04  9.755797E+04  8.549452E+04  1.019144E+05  2.946760E+05  4.561939E+04  2.874028E+04  3.114675E+03  3.377336E+04  8.038549E+04  2.172703E+04  4.970955E+04  7.749857E+04  6.498580E+04  3.006255E+05  2.636792E+04  2.299518E+04  8.798019E+04  7.919994E+04  3.347593E+05  6.058611E+03  2.607424E+04  3.526318E+04  1.079536E+04  1.281470E+05  3.305226E+03  8.760689E+03  2.622314E+04  2.784766E+05
2016-11-30  1.996321E+04  1.595552E+03  2.711027E+05  3.599630E+05  5.939099E+04  5.500588E+04  1.379951E+05  2.682288E+04  1.286251E+05  4.932756E+03  3.116701E+05  6.966669E+04  1.758569E+03  1.201598E+03  6.939247E+04  1.265520E+05  3.285256E+05  1.135548E+05  3.354391E+05  4.859993E+04  1.903971E+04  2.500909E+03  9.955362E+04  6.185530E+04  4.556051E+04  1.307586E+05  2.605222E+05  4.188958E+04  4.009726E+05  6.821071E+04  6.293505E+04  3.220430E+05  7.401677E+04  2.973297E+05  6.345479E+03  6.194684E+04  1.274393E+05  3.484839E+04  1.452671E+05  8.652129E+03  1.817878E+04  1.826750E+04  1.721211E+05
2016-12-31  2.960134E+04  1.315898E+03  6.218476E+05  6.348246E+05  1.872432E+05  7.980766E+04  1.741636E+05  1.645397E+05  1.720909E+05  4.930038E+03  7.441012E+05  1.214122E+05  2.097354E+03  2.215261E+03  2.754770E+05  2.038741E+05  1.040529E+06  1.986193E+05  6.059904E+05  6.611424E+04  2.548186E+04  9.696933E+03  3.012091E+05  1.203319E+05  4.681090E+04  1.763342E+05  4.031638E+05  1.031588E+05  6.101227E+05  1.411872E+05  1.142590E+05  8.282635E+05  1.276890E+05  5.011874E+05  8.571103E+03  8.438779E+04  3.795004E+05  4.720425E+04  2.806747E+05  1.168156E+04  2.657089E+04  6.743101E+04  2.552485E+05
2017-01-31  7.628915E+04  1.585824E+03  1.130469E+06  1.014018E+06  4.196390E+05  2.037110E+05  2.981354E+05  6.080771E+05  2.615634E+05  7.546619E+03  1.708771E+06  1.908847E+05  3.485007E+03  3.736746E+03  2.096173E+06  3.977092E+05  1.887571E+06  3.111497E+05  1.030108E+06  9.268315E+04  3.874915E+04  1.756241E+05  4.664183E+05  3.622657E+05  5.319593E+04  2.757478E+05  7.235812E+05  3.390700E+05  9.923820E+05  3.104462E+05  1.905064E+05  1.275977E+06  3.562499E+05  1.358045E+06  1.840784E+04  1.576066E+05  7.826448E+05  7.632139E+04  4.446274E+05  1.576073E+04  4.807082E+04  4.028102E+05  5.069763E+05
2017-02-28  8.519091E+04  2.360117E+03  1.752316E+06  1.332276E+06  6.027051E+05  3.291497E+05  4.930773E+05  1.179788E+06  4.004590E+05  1.278430E+04  2.288971E+06  2.716788E+05  5.029784E+03  4.214216E+03  2.996618E+06  6.921412E+05  2.474004E+06  4.320534E+05  1.515984E+06  1.364305E+05  5.416870E+04  4.844589E+05  8.006863E+05  3.914783E+05  8.237616E+04  3.928026E+05  1.016554E+06  4.379417E+05  1.499181E+06  4.458831E+05  2.400562E+05  1.730120E+06  4.173444E+05  1.763840E+06  2.668935E+04  2.154040E+05  9.865669E+05  1.047256E+05  6.191099E+05  2.800505E+04  7.860248E+04  5.671128E+05  6.932543E+05
2017-03-31  5.585727E+04  1.584147E+03  9.594401E+05  1.074056E+06  3.509219E+05  2.682143E+05  4.145811E+05  7.686081E+05  3.218830E+05  4.133774E+03  1.669986E+06  1.734162E+05  1.153490E+03  8.596630E+02  2.031617E+06  4.983462E+05  1.909337E+06  3.025293E+05  1.048513E+06  9.539031E+04  2.445741E+04  2.766220E+05  4.755013E+05  2.459098E+05  6.814429E+04  3.124699E+05  8.472664E+05  3.180094E+05  1.118024E+06  3.848284E+05  1.919875E+05  1.357680E+06  1.975591E+05  9.611886E+05  1.339931E+04  1.715400E+05  7.006191E+05  7.883502E+04  4.475068E+05  1.847926E+04  4.353154E+04  3.958490E+05  2.319880E+05
2017-04-30  2.570800E+04  7.351776E+02  3.774055E+05  7.012146E+05  1.582393E+05  1.560927E+05  2.362823E+05  3.157039E+05  2.053150E+05  2.452903E+03  1.089874E+06  6.034088E+04  1.034339E+03  4.024376E+02  8.321990E+05  2.273124E+05  1.102879E+06  1.031154E+05  3.680667E+05  2.619012E+04  5.905830E+03  1.286719E+05  1.972629E+05  1.109972E+05  3.758852E+04  1.889812E+05  5.411374E+05  1.201403E+05  3.885236E+05  1.983017E+05  1.090804E+05  7.976564E+05  9.492521E+04  6.052970E+05  4.020972E+03  1.041823E+05  4.820276E+05  5.159880E+04  1.595798E+05  1.413152E+04  4.043601E+04  1.557036E+05  9.935022E+04
2017-05-31  9.618980E+03  1.046988E+02  1.177015E+05  2.901986E+05  6.482319E+04  6.553131E+04  8.875951E+04  1.007665E+05  8.629904E+04  4.560062E+02  4.879229E+05  1.595112E+04  1.405382E+02  9.024620E+01  3.072458E+05  7.425469E+04  4.743320E+05  2.655557E+04  1.109419E+05  5.503926E+03  2.037436E+03  6.116637E+04  5.887608E+04  5.331127E+04  1.114024E+04  7.829827E+04  2.322018E+05  4.104350E+04  1.059175E+05  7.446470E+04  4.259067E+04  3.208723E+05  3.908019E+04  2.694171E+05  1.028929E+03  4.292501E+04  1.898362E+05  2.111035E+04  4.115425E+04  4.129405E+03  1.423736E+04  5.376662E+04  3.089839E+04
2017-06-30  4.407764E+03  6.024880E+01  3.155213E+04  9.403580E+04  3.770942E+04  1.885046E+04  2.315484E+04  4.204907E+04  2.463660E+04  3.283204E+02  1.862301E+05  4.647514E+03  1.482852E+02  2.001012E+02  9.600113E+04  1.336233E+04  1.709679E+05  8.955659E+03  3.523138E+04  2.955976E+03  1.531442E+03  2.548329E+04  3.348068E+04  2.266452E+04  2.238502E+03  2.240448E+04  7.382693E+04  1.738033E+04  3.438416E+04  1.918767E+04  1.369553E+04  1.171470E+05  1.517668E+04  9.317355E+04  6.616192E+02  1.417112E+04  7.468321E+04  6.015406E+03  1.160153E+04  9.065768E+02  2.051609E+03  1.311283E+04  1.100854E+04
2017-07-31  2.490114E+03  4.617720E+01  1.385204E+04  2.640104E+04  2.083615E+04  4.549470E+03  8.012989E+03  1.415146E+04  7.315962E+03  1.729994E+02  5.388806E+04  2.485339E+03  4.607560E+01  3.075940E+01  3.130095E+04  4.148912E+03  5.105738E+04  4.644415E+03  1.399146E+04  1.552575E+03  8.584438E+02  5.913272E+03  1.230079E+04  1.077130E+04  1.471727E+03  6.852488E+03  2.076257E+04  9.025966E+03  1.356769E+04  5.199405E+03  4.304513E+03  3.449371E+04  5.368696E+03  3.336514E+04  3.887216E+02  3.364738E+03  2.873675E+04  1.656461E+03  6.241898E+03  3.974592E+02  6.478778E+02  5.707659E+03  5.010963E+03
2017-08-31  1.866798E+03  3.675380E+01  1.078253E+04  9.384970E+03  1.052716E+04  2.311044E+03  4.922114E+03  4.990414E+03  3.089707E+03  1.491234E+02  1.418885E+04  1.747291E+03  5.425440E+01  2.466340E+01  1.819306E+04  2.700934E+03  1.348214E+04  3.249473E+03  9.424289E+03  1.094334E+03  6.325108E+02  1.583944E+03  3.440760E+03  7.690180E+03  1.090397E+03  3.317443E+03  6.418174E+03  6.017412E+03  8.999068E+03  2.986913E+03  1.610284E+03  1.159215E+04  2.886050E+03  1.870913E+04  2.881376E+02  1.609014E+03  7.947381E+03  8.018780E+02  4.408195E+03  2.596896E+02  3.962908E+02  3.834282E+03  3.291357E+03
2017-09-30  1.571828E+03  2.926080E+01  9.294368E+03  5.719242E+03  7.731252E+03  1.612062E+03  3.605454E+03  3.502609E+03  2.069643E+03  1.185418E+02  7.904251E+03  1.319352E+03  4.907280E+01  4.589780E+01  1.359652E+04  2.042185E+03  7.144283E+03  2.420366E+03  7.337679E+03  8.166354E+02  4.973828E+02  1.082827E+03  2.291156E+03  6.227394E+03  8.276590E+02  2.426665E+03  4.155846E+03  4.341216E+03  6.685102E+03  2.099437E+03  1.087120E+03  6.471691E+03  2.137461E+03  1.415458E+04  2.236216E+02  1.158469E+03  3.559734E+03  5.630164E+02  3.356407E+03  1.826514E+02  2.891282E+02  2.872283E+03  2.391766E+03
2017-10-31  2.356053E+03  3.868420E+01  1.572237E+04  7.053377E+03  9.720301E+03  1.726260E+03  4.390288E+03  3.672281E+03  2.813964E+03  2.792730E+02  8.308848E+03  2.855417E+03  1.304544E+02  2.083816E+02  1.346741E+04  3.638550E+03  8.313268E+03  5.009617E+03  1.586504E+04  2.092274E+03  1.387221E+03  1.014273E+03  2.874950E+03  8.357006E+03  1.354506E+03  3.649167E+03  5.477002E+03  5.763438E+03  1.610942E+04  2.503348E+03  1.875536E+03  7.785989E+03  4.369765E+03  1.959028E+04  5.420360E+02  1.690776E+03  3.391129E+03  5.917946E+02  7.170903E+03  1.543558E+02  2.715260E+02  2.930068E+03  1.009477E+04
2017-11-30  8.637829E+03  2.488438E+02  6.309010E+04  3.758992E+04  2.677396E+04  6.312179E+03  2.257384E+04  1.025406E+04  1.411587E+04  1.792326E+03  2.597119E+04  2.199183E+04  8.234934E+02  9.656826E+02  3.624814E+04  2.622522E+04  3.931102E+04  3.963622E+04  1.012664E+05  1.749661E+04  8.947988E+03  1.456309E+03  1.005525E+04  2.282924E+04  9.193276E+03  2.210087E+04  3.006621E+04  2.272248E+04  1.197124E+05  1.101684E+04  1.103699E+04  4.041392E+04  2.400872E+04  9.811354E+04  2.829331E+03  7.235012E+03  1.390487E+04  4.639132E+03  5.345811E+04  9.548114E+02  2.307971E+03  9.653372E+03  8.471728E+04
2017-12-31  2.987650E+03  3.126740E+02  4.199362E+04  6.535158E+04  1.260899E+04  1.122187E+04  3.423412E+04  5.072939E+03  2.775163E+04  1.012368E+03  4.598421E+04  1.684368E+04  3.790188E+02  2.887726E+02  1.905391E+04  2.401628E+04  7.416546E+04  3.066435E+04  7.429718E+04  1.462491E+04  4.636033E+03  1.096721E+03  9.147607E+03  1.138329E+04  1.397282E+04  3.680226E+04  5.654581E+04  1.081296E+04  1.013988E+05  1.823783E+04  1.822138E+04  7.345520E+04  4.971720E+03  3.030690E+04  1.320038E+03  1.193592E+04  2.356040E+04  8.329371E+03  3.933563E+04  1.590827E+03  3.042310E+03  4.783658E+03  1.564378E+04
2018-01-31  9.638411E+03  3.157728E+02  9.607715E+04  1.064427E+05  3.083702E+04  1.431828E+04  3.987754E+04  1.191623E+04  3.412767E+04  2.533396E+03  7.067296E+04  2.770856E+04  1.171499E+03  1.239647E+03  4.389465E+04  3.854999E+04  1.358206E+05  5.097706E+04  1.319844E+05  2.053102E+04  1.123224E+04  1.682344E+03  1.612064E+04  3.173001E+04  1.515367E+04  4.588063E+04  7.193361E+04  2.852793E+04  1.440236E+05  2.438458E+04  2.545575E+04  1.235697E+05  3.509396E+04  1.184935E+05  2.914269E+03  1.680766E+04  2.932905E+04  1.041791E+04  6.581765E+04  3.090266E+03  5.155260E+03  1.156206E+04  1.165326E+05
2018-02-28  4.190517E+03  1.972818E+02  1.054606E+05  1.188667E+05  1.678798E+04  1.441470E+04  3.637384E+04  5.104917E+03  3.679187E+04  5.162804E+02  1.075808E+05  2.140572E+04  1.729486E+02  2.358644E+02  1.676585E+04  1.870354E+04  1.801861E+05  3.261947E+04  1.048533E+05  1.158309E+04  3.987775E+03  9.653016E+02  3.591911E+04  1.658737E+04  1.417107E+04  4.649714E+04  7.754290E+04  8.550072E+03  1.049817E+05  2.500648E+04  2.587173E+04  1.597584E+05  1.634322E+04  4.353545E+04  1.360805E+03  1.605242E+04  4.462511E+04  9.351874E+03  4.610024E+04  1.747723E+03  3.727780E+03  3.814572E+03  2.304252E+04
2018-03-31  5.387543E+03  3.040634E+02  1.368982E+05  1.715168E+05  2.627592E+04  1.479558E+04  3.876129E+04  7.133438E+03  4.579501E+04  1.137183E+03  1.466565E+05  3.093758E+04  5.051552E+02  6.089650E+02  2.564928E+04  2.038515E+04  2.947774E+05  4.543349E+04  1.433515E+05  1.589517E+04  6.900926E+03  1.201496E+03  8.242633E+04  2.306389E+04  1.515057E+04  5.523667E+04  1.000583E+05  1.672979E+04  1.362787E+05  3.132976E+04  3.477887E+04  2.472263E+05  2.368718E+04  8.189641E+04  2.363876E+03  1.975764E+04  9.911123E+04  1.261430E+04  6.859885E+04  3.488919E+03  5.710580E+03  5.415026E+03  3.781575E+04
2018-04-30  4.780991E+03  2.209546E+02  1.062965E+05  1.680906E+05  2.999801E+04  1.369946E+04  3.554621E+04  1.114247E+04  5.194762E+04  1.717827E+03  1.891876E+05  1.597985E+04  8.565896E+02  6.318758E+02  2.108363E+04  2.823588E+04  2.938728E+05  2.688854E+04  8.996335E+04  9.249537E+03  3.821074E+03  9.771380E+02  6.391158E+04  2.043707E+04  1.211783E+04  5.042296E+04  1.085385E+05  1.378201E+04  8.837884E+04  2.489698E+04  3.111759E+04  2.230710E+05  1.974812E+04  1.055622E+05  1.380236E+03  2.321204E+04  1.030622E+05  1.172091E+04  3.658306E+04  3.305759E+03  8.323656E+03  3.949598E+03  2.945107E+04
2018-05-31  3.753536E+03  1.564132E+02  5.220718E+04  8.807948E+04  2.610394E+04  6.808267E+03  1.459486E+04  1.978177E+04  3.058561E+04  1.065581E+03  1.305435E+05  6.554902E+03  6.186424E+02  6.009132E+02  1.677452E+04  1.229231E+04  1.715232E+05  1.222875E+04  4.526504E+04  4.709947E+03  2.558567E+03  9.128760E+02  4.676869E+04  1.519725E+04  5.240528E+03  3.134368E+04  6.554976E+04  1.100432E+04  3.898509E+04  1.338941E+04  1.845803E+04  1.250241E+05  1.137717E+04  6.232535E+04  8.835136E+02  1.735026E+04  7.044078E+04  7.265060E+03  1.514061E+04  1.699895E+03  4.133926E+03  3.084017E+03  1.215951E+04
2018-06-30  1.217244E+03  2.461260E+01  1.350071E+04  3.625845E+04  1.215527E+04  1.628140E+03  3.416148E+03  8.786724E+03  1.115413E+04  6.360160E+01  5.769199E+04  1.395705E+03  2.611120E+01  4.328160E+01  1.098121E+04  1.854784E+03  7.182292E+04  2.455266E+03  8.916365E+03  5.971286E+02  3.235706E+02  8.021828E+02  1.977644E+04  5.585663E+03  9.014206E+02  1.129172E+04  2.950268E+04  3.101416E+03  7.732065E+03  4.241902E+03  7.613904E+03  4.554886E+04  3.115589E+03  1.835302E+04  2.280920E+02  7.760386E+03  3.436325E+04  3.477006E+03  3.454832E+03  2.028190E+02  1.919478E+03  2.125650E+03  2.130958E+03
2018-07-31  1.096112E+03  1.887220E+01  9.719970E+03  1.451887E+04  7.482637E+03  8.506206E+02  2.007768E+03  3.335299E+03  3.623234E+03  9.913620E+01  2.001726E+04  1.060983E+03  6.637020E+01  6.416040E+01  9.763735E+03  1.563522E+03  2.160765E+04  1.875790E+03  6.409106E+03  5.153152E+02  2.961386E+02  8.036814E+02  5.093538E+03  4.973752E+03  4.158234E+02  2.636241E+03  1.009012E+04  2.716555E+03  5.672480E+03  1.553134E+03  2.679243E+03  1.396002E+04  2.019757E+03  1.250178E+04  1.846326E+02  1.980692E+03  1.151052E+04  8.891778E+02  2.649068E+03  1.154176E+02  2.802636E+02  1.871650E+03  1.627251E+03
2018-08-31  8.796528E+02  1.541780E+01  8.015122E+03  4.869840E+03  5.824398E+03  7.280656E+02  1.477416E+03  2.523261E+03  1.219378E+03  4.183380E+01  6.429045E+03  8.097266E+02  1.567180E+01  9.880600E+00  8.512886E+03  1.237894E+03  6.869760E+03  1.432179E+03  4.590390E+03  4.087622E+02  2.141728E+02  7.845044E+02  2.230882E+03  4.128872E+03  3.340862E+02  1.075207E+03  2.987700E+03  1.961871E+03  4.363974E+03  1.165454E+03  8.097012E+02  5.402961E+03  1.332078E+03  7.281367E+03  1.477772E+02  4.915154E+02  3.255823E+03  3.143250E+02  2.000529E+03  9.359900E+01  2.272792E+02  1.637894E+03  1.235380E+03
2018-09-30  9.719056E+02  1.297940E+01  7.546086E+03  3.379241E+03  5.739892E+03  6.432042E+02  1.303147E+03  2.187042E+03  8.968994E+02  3.769360E+01  4.464380E+03  6.845300E+02  1.549400E+01  4.193540E+01  7.588148E+03  1.095731E+03  4.768342E+03  1.202360E+03  4.176497E+03  3.591560E+02  2.091182E+02  7.469632E+02  1.832153E+03  4.171544E+03  2.930652E+02  9.391396E+02  2.191918E+03  1.902028E+03  3.686962E+03  1.008761E+03  5.870448E+02  3.350565E+03  1.195248E+03  6.467907E+03  1.352804E+02  4.576826E+02  2.100631E+03  2.518156E+02  1.712519E+03  7.546340E+01  1.878076E+02  1.444041E+03  1.054811E+03
2018-10-31  1.485341E+03  1.803400E+01  1.030232E+04  3.856609E+03  7.185863E+03  7.152386E+02  1.757705E+03  2.218995E+03  1.157884E+03  7.172960E+01  4.858969E+03  1.021105E+03  4.803140E+01  1.392936E+02  8.147202E+03  1.277671E+03  5.447233E+03  2.069744E+03  6.511112E+03  7.518146E+02  4.182364E+02  7.698232E+02  1.893316E+03  5.736692E+03  5.806694E+02  1.716532E+03  2.882494E+03  3.153715E+03  5.947105E+03  1.411503E+03  1.134720E+03  4.168978E+03  1.529410E+03  8.385175E+03  2.735580E+02  6.876542E+02  2.158771E+03  2.769362E+02  2.712288E+03  7.409180E+01  1.834388E+02  1.527886E+03  1.460144E+03
2018-11-30  6.523660E+03  3.629660E+02  3.651984E+04  1.535184E+04  2.167857E+04  5.109286E+03  1.256579E+04  7.152996E+03  7.712456E+03  2.145538E+03  2.663728E+04  1.076922E+04  1.120496E+03  8.253730E+02  3.097670E+04  2.315078E+04  1.567226E+04  2.184936E+04  5.275453E+04  9.034729E+03  5.043043E+03  1.088111E+03  5.520233E+03  1.968165E+04  4.051097E+03  9.566224E+03  1.321869E+04  1.874083E+04  6.026122E+04  5.700624E+03  5.052847E+03  1.569090E+04  2.570343E+04  9.855677E+04  1.496695E+03  5.533441E+03  1.152606E+04  3.111602E+03  2.743380E+04  5.581396E+02  9.205468E+02  7.595260E+03  8.552391E+04
2018-12-31  1.648282E+04  1.441399E+03  1.351188E+05  1.226716E+05  4.865784E+04  3.014518E+04  7.263549E+04  2.095071E+04  5.301813E+04  5.142916E+03  1.254609E+05  5.449583E+04  1.995983E+03  1.634414E+03  8.500915E+04  8.805992E+04  1.340490E+05  1.066209E+05  2.409723E+05  4.551200E+04  1.992252E+04  2.203399E+03  2.308421E+04  5.328978E+04  2.739692E+04  6.366452E+04  9.569704E+04  5.117236E+04  2.952061E+05  3.431215E+04  3.253750E+04  1.298376E+05  4.664268E+04  1.881368E+05  5.062779E+03  2.563381E+04  6.350787E+04  2.032127E+04  1.303706E+05  4.585691E+03  8.495284E+03  2.395972E+04  1.800861E+05
2019-01-31  2.433632E+04  2.053946E+03  4.235162E+05  3.649542E+05  8.087418E+04  7.092516E+04  1.263017E+05  3.236768E+04  1.273328E+05  8.055762E+03  4.307250E+05  8.414019E+04  3.393491E+03  2.005533E+03  1.412753E+05  1.600095E+05  4.563406E+05  1.487901E+05  3.721536E+05  5.090127E+04  2.140405E+04  2.783180E+03  1.171690E+05  7.900810E+04  3.901567E+04  1.248797E+05  2.343546E+05  6.995495E+04  4.096990E+05  8.182122E+04  7.689931E+04  4.163855E+05  1.038172E+05  3.765089E+05  8.482305E+03  7.173039E+04  2.353416E+05  5.302499E+04  1.927576E+05  1.517305E+04  3.441344E+04  3.566302E+04  2.590551E+05
2019-02-28  4.510850E+04  2.104669E+03  8.212809E+05  6.461529E+05  2.790085E+05  1.401564E+05  2.139716E+05  1.905601E+05  2.055546E+05  3.714115E+03  1.024035E+06  1.187119E+05  1.940484E+03  3.384804E+03  4.982350E+05  2.189096E+05  1.122569E+06  1.923386E+05  6.327868E+05  6.439007E+04  2.812235E+04  9.152433E+03  3.059366E+05  1.595760E+05  4.800257E+04  1.909893E+05  4.239376E+05  1.257857E+05  6.547175E+05  1.608474E+05  1.223217E+05  8.458231E+05  1.788590E+05  5.952109E+05  1.535859E+04  1.160442E+05  4.943529E+05  7.355081E+04  2.741702E+05  1.083620E+04  1.984276E+04  9.836940E+04  2.589725E+05
2019-03-31  4.400796E+04  1.880108E+03  9.481477E+05  6.307293E+05  2.869387E+05  1.741190E+05  2.505653E+05  5.423994E+05  2.122245E+05  2.633904E+03  1.035251E+06  1.374262E+05  1.035406E+03  6.141466E+02  1.264883E+06  2.859547E+05  1.129420E+06  2.161144E+05  7.105073E+05  6.996344E+04  2.078782E+04  1.423287E+05  3.180986E+05  1.798836E+05  5.292758E+04  1.847849E+05  4.743880E+05  1.829473E+05  8.041385E+05  1.996049E+05  1.270296E+05  7.873384E+05  2.132879E+05  8.326885E+05  1.479205E+04  1.085813E+05  4.353971E+05  6.629245E+04  3.071186E+05  1.279086E+04  2.006470E+04  2.199146E+05  2.582813E+05
2019-04-30  1.824883E+04  4.277106E+02  3.451492E+05  3.583258E+05  1.177796E+05  9.370609E+04  1.271281E+05  2.712538E+05  1.128055E+05  7.881112E+02  6.239669E+05  3.919926E+04  2.964688E+02  3.488690E+02  5.967436E+05  1.244002E+05  6.730562E+05  6.225723E+04  2.355663E+05  1.561889E+04  3.032201E+03  9.910232E+04  1.237650E+05  7.993614E+04  2.161294E+04  1.026904E+05  2.636288E+05  8.098180E+04  2.597713E+05  1.110715E+05  7.559886E+04  4.557485E+05  6.649588E+04  4.139064E+05  3.332480E+03  5.307922E+04  2.805056E+05  3.464349E+04  9.576161E+04  8.464271E+03  1.511397E+04  1.043074E+05  4.226781E+04
2019-05-31  8.332800E+03  3.023616E+02  1.078128E+05  1.750610E+05  5.816755E+04  4.039075E+04  4.914682E+04  8.512835E+04  5.179141E+04  2.018589E+03  3.429820E+05  1.055248E+04  9.121140E+02  3.654552E+02  2.300201E+05  5.229400E+04  3.015798E+05  1.665950E+04  7.831892E+04  4.401515E+03  1.977619E+03  5.395171E+04  5.279852E+04  4.036901E+04  5.598338E+03  4.476247E+04  1.185759E+05  3.277791E+04  7.398042E+04  4.052819E+04  2.947695E+04  2.075742E+05  3.107157E+04  2.268062E+05  1.587144E+03  2.682027E+04  1.465935E+05  1.599936E+04  2.447257E+04  5.663108E+03  1.335118E+04  3.371901E+04  2.113191E+04
2019-06-30  3.289097E+03  4.960620E+01  2.868536E+04  7.287903E+04  3.229239E+04  1.304516E+04  1.392324E+04  4.232082E+04  1.902686E+04  2.246122E+02  1.591787E+05  3.078632E+03  6.375400E+01  5.138420E+01  7.714534E+04  1.019901E+04  1.265222E+05  5.338750E+03  2.090623E+04  1.632814E+03  7.057136E+02  2.373483E+04  3.202501E+04  1.555361E+04  1.205103E+03  1.728457E+04  4.842396E+04  1.328651E+04  1.991197E+04  1.147442E+04  1.054710E+04  8.155084E+04  1.163036E+04  7.918841E+04  5.284470E+02  1.107410E+04  7.280156E+04  7.025208E+03  7.102399E+03  1.022528E+03  4.906823E+03  9.640494E+03  6.277966E+03
2019-07-31  2.131085E+03  2.827020E+01  1.289949E+04  2.281443E+04  1.899341E+04  2.946527E+03  4.715688E+03  1.476916E+04  5.406492E+03  1.621790E+02  4.963053E+04  1.870481E+03  4.594860E+01  1.150620E+01  2.642095E+04  3.543224E+03  3.803749E+04  3.254400E+03  9.572142E+03  1.074979E+03  5.097272E+02  5.825388E+03  1.085433E+04  8.621725E+03  5.933186E+02  4.522673E+03  1.504274E+04  7.756830E+03  9.673895E+03  3.416935E+03  3.501390E+03  2.404547E+04  4.479442E+03  2.749578E+04  3.624580E+02  2.744851E+03  2.925440E+04  1.892198E+03  4.354093E+03  2.968498E+02  7.158736E+02  4.736617E+03  3.548380E+03
2019-08-31  2.301570E+03  3.576320E+01  1.326147E+04  9.521622E+03  1.162223E+04  1.867738E+03  4.159225E+03  4.986909E+03  2.712898E+03  3.251200E+02  1.488453E+04  2.705379E+03  1.808480E+02  1.957324E+02  1.754381E+04  3.683254E+03  1.226500E+04  5.586603E+03  1.239200E+04  1.522476E+03  8.172196E+02  1.551864E+03  3.323641E+03  7.737145E+03  7.802880E+02  2.825039E+03  5.953684E+03  8.246872E+03  9.586976E+03  2.743429E+03  1.826946E+03  9.982327E+03  4.166260E+03  2.116450E+04  4.670806E+02  1.918487E+03  9.099169E+03  7.750302E+02  7.275855E+03  2.734818E+02  4.780534E+02  3.493592E+03  5.739638E+03
2019-09-30  3.444748E+03  4.986020E+01  1.540815E+04  7.165467E+03  1.264140E+04  1.946402E+03  4.765269E+03  3.693617E+03  3.106242E+03  5.180330E+02  1.086325E+04  1.458062E+03  2.890774E+02  2.177288E+02  1.359667E+04  5.283251E+03  7.451395E+03  2.394153E+03  9.370568E+03  9.023604E+02  6.578346E+02  1.056538E+03  2.433980E+03  8.203184E+03  9.846818E+02  3.084449E+03  5.115255E+03  5.678119E+03  7.513955E+03  2.083587E+03  1.231240E+03  6.773570E+03  3.396564E+03  2.093077E+04  7.845298E+02  2.531008E+03  4.335018E+03  7.636510E+02  3.923970E+03  1.916430E+02  4.651248E+02  2.764714E+03  3.102102E+03
2019-10-31  1.719936E+03  3.238500E+01  1.356037E+04  5.112817E+03  8.160182E+03  1.302207E+03  3.011957E+03  3.187827E+03  2.038756E+03  2.389124E+02  7.368032E+03  1.450569E+03  1.140460E+02  1.390650E+02  1.191092E+04  3.113405E+03  6.188253E+03  2.735148E+03  8.794267E+03  1.164565E+03  6.385814E+02  9.489440E+02  2.495118E+03  6.455359E+03  7.419086E+02  2.214347E+03  4.038295E+03  4.512386E+03  8.469528E+03  1.752168E+03  1.135075E+03  5.509666E+03  2.436216E+03  1.145903E+04  5.211826E+02  1.394841E+03  3.258617E+03  5.454904E+02  4.380179E+03  1.591564E+02  4.359656E+02  2.447620E+03  2.507945E+03
2019-11-30  1.116381E+03  1.549400E+01  8.303438E+03  3.202635E+03  6.267729E+03  9.101328E+02  2.274697E+03  2.703322E+03  1.217447E+03  6.703060E+01  4.803673E+03  1.192200E+03  4.353560E+01  1.339596E+02  1.013513E+04  1.638579E+03  4.823460E+03  2.036801E+03  6.686829E+03  7.877048E+02  5.803392E+02  8.485886E+02  2.041703E+03  5.242865E+03  4.965954E+02  1.477670E+03  2.611526E+03  3.604031E+03  5.995213E+03  1.368298E+03  7.790180E+02  3.929304E+03  1.826743E+03  8.676157E+03  1.659128E+02  5.874512E+02  2.275992E+03  3.082036E+02  2.761031E+03  1.167384E+02  2.276602E+02  2.125091E+03  3.175406E+03
2019-12-31  1.075865E+04  4.136136E+02  6.887964E+04  4.889162E+04  3.618443E+04  1.255903E+04  3.718149E+04  1.490424E+04  2.617523E+04  3.916680E+03  4.214332E+04  3.238327E+04  2.074774E+03  1.416736E+03  6.250064E+04  5.309171E+04  6.080404E+04  6.157209E+04  1.442389E+05  2.675781E+04  1.296728E+04  1.793291E+03  1.528056E+04  3.932850E+04  1.616314E+04  3.745078E+04  5.018789E+04  3.890848E+04  1.700999E+05  1.852938E+04  1.695303E+04  6.339634E+04  3.986553E+04  1.809272E+05  2.512797E+03  1.574716E+04  1.533604E+04  4.086987E+03  7.545301E+04  1.685544E+03  3.326105E+03  1.652877E+04  1.444648E+05
2020-01-31  1.908360E+04  1.041730E+03  2.214577E+05  1.130054E+05  5.757957E+04  3.103352E+04  7.958755E+04  2.345088E+04  6.325613E+04  4.675429E+03  1.054255E+05  5.280193E+04  2.299437E+03  2.161819E+03  8.977434E+04  7.749032E+04  1.637303E+05  9.186083E+04  2.328623E+05  3.922408E+04  1.936453E+04  2.772308E+03  2.923210E+04  6.822211E+04  2.798171E+04  6.683372E+04  1.106016E+05  5.258303E+04  2.591621E+05  3.668771E+04  3.577623E+04  1.492641E+05  6.882996E+04  2.713586E+05  5.514315E+03  3.184548E+04  4.205442E+04  1.182279E+04  1.100961E+05  5.416296E+03  1.052391E+04  2.321337E+04  2.093256E+05
2020-02-29  9.734626E+03  7.958582E+02  3.327746E+05  1.316765E+05  3.826960E+04  3.629259E+04  8.034216E+04  1.770830E+04  7.506876E+04  8.746744E+02  1.543806E+05  3.992164E+04  2.325878E+02  1.224534E+02  6.633545E+04  6.357940E+04  1.907897E+05  5.579631E+04  1.538495E+05  1.616352E+04  5.731231E+03  2.423516E+03  3.501423E+04  4.192275E+04  2.491143E+04  6.635405E+04  1.207982E+05  1.995106E+04  1.786360E+05  3.925369E+04  3.547483E+04  1.633152E+05  4.409534E+04  1.860344E+05  4.359072E+03  3.181855E+04  5.517142E+04  1.787949E+04  6.823578E+04  3.413328E+03  5.689829E+03  1.284415E+04  3.915867E+04
2020-03-31  5.015332E+03  7.655560E+01  1.432188E+05  8.827628E+04  4.299712E+04  1.988345E+04  3.652251E+04  4.031615E+04  4.144104E+04  1.196340E+02  1.595424E+05  1.180887E+04  5.166360E+01  4.706620E+01  4.736600E+04  3.076992E+04  1.533834E+05  1.241687E+04  6.080003E+04  1.571600E+03  4.602734E+02  2.154606E+03  5.506829E+04  2.649263E+04  7.683170E+03  3.645319E+04  7.378329E+04  9.140876E+03  5.281488E+04  2.364224E+04  2.117616E+04  1.236525E+05  2.380008E+04  1.229932E+05  1.291057E+03  2.056420E+04  6.885315E+04  1.243152E+04  2.035665E+04  1.086409E+03  9.296908E+02  7.327798E+03  1.172210E+04
2020-04-30  2.925953E+03  9.441180E+01  5.165862E+04  4.927148E+04  3.348332E+04  1.062881E+04  1.595986E+04  2.714991E+04  1.902592E+04  5.338064E+02  1.365949E+05  3.519272E+03  2.756662E+02  1.783080E+01  2.604079E+04  1.619758E+04  9.032331E+04  4.143121E+03  2.221743E+04  9.083548E+02  3.408426E+02  1.460449E+03  3.466849E+04  1.473261E+04  1.289583E+03  1.519550E+04  3.978105E+04  5.357825E+03  2.029379E+04  9.967214E+03  1.037184E+04  6.476657E+04  1.269050E+04  7.462299E+04  6.981444E+02  1.226696E+04  7.153999E+04  7.003034E+03  6.875958E+03  1.419250E+03  3.034995E+03  3.912133E+03  7.547229E+03
2020-05-31  3.790315E+03  1.300734E+02  2.544171E+04  3.094457E+04  2.686091E+04  4.919904E+03  1.041471E+04  1.211585E+04  1.086863E+04  1.007491E+03  8.151513E+04  3.121711E+03  6.065520E+02  4.975098E+02  1.840753E+04  1.278405E+04  4.450662E+04  5.334051E+03  1.975300E+04  1.775104E+03  1.196975E+03  1.098474E+03  1.506883E+04  1.382634E+04  1.448130E+03  8.675192E+03  2.393546E+04  9.462897E+03  1.566314E+04  4.502048E+03  6.293206E+03  3.076725E+04  9.543872E+03  5.952899E+04  7.041134E+02  8.635162E+03  4.274035E+04  3.419881E+03  8.216697E+03  1.107973E+03  2.305050E+03  3.242894E+03  9.917379E+03
2020-06-30  1.702613E+03  3.578860E+01  1.482004E+04  1.673512E+04  1.280937E+04  1.727200E+03  3.926713E+03  4.789475E+03  5.003470E+03  1.944370E+02  3.225234E+04  2.751252E+03  9.547860E+01  7.045960E+01  1.202088E+04  4.025087E+03  1.920524E+04  4.831410E+03  1.340828E+04  1.792173E+03  9.162796E+02  9.174988E+02  5.743524E+03  6.603644E+03  7.813802E+02  3.111068E+03  1.107826E+04  4.352392E+03  1.414790E+04  2.015820E+03  2.544953E+03  1.493553E+04  3.913429E+03  1.915302E+04  4.673600E+02  2.883433E+03  1.892369E+04  1.139342E+03  6.443777E+03  2.115820E+02  1.178077E+03  2.313153E+03  6.438036E+03
2020-07-31  1.306043E+03  2.148840E+01  9.406204E+03  5.575605E+03  7.709129E+03  1.060399E+03  2.044065E+03  2.965044E+03  1.582776E+03  9.403080E+01  1.045957E+04  9.347454E+02  5.943600E+01  5.326380E+01  1.006572E+04  1.813230E+03  6.889217E+03  1.562913E+03  5.346954E+03  4.830064E+02  2.482596E+02  8.528812E+02  2.398649E+03  5.326075E+03  3.019552E+02  1.003275E+03  3.228416E+03  2.972460E+03  4.844212E+03  1.277493E+03  7.679436E+02  5.990488E+03  1.961490E+03  1.111524E+04  2.296922E+02  9.479534E+02  6.294806E+03  4.898136E+02  2.251100E+03  1.001014E+02  2.199132E+02  1.971040E+03  1.537081E+03
2020-08-31  9.942576E+02  1.709420E+01  7.928610E+03  3.306826E+03  6.000242E+03  8.516112E+02  1.683106E+03  2.497201E+03  9.597644E+02  7.970520E+01  5.879287E+03  7.749794E+02  5.128260E+01  7.086600E+00  9.321952E+03  1.480871E+03  4.606823E+03  1.455090E+03  4.040835E+03  3.890518E+02  1.770634E+02  8.086852E+02  1.943278E+03  4.282389E+03  2.531872E+02  8.946388E+02  2.148662E+03  3.512591E+03  3.843579E+03  1.110437E+03  6.497574E+02  3.256686E+03  1.417904E+03  8.985910E+03  1.827784E+02  8.172196E+02  2.707945E+03  3.728974E+02  2.092858E+03  8.155940E+01  1.840738E+02  1.748587E+03  1.224483E+03
2020-09-30  8.253222E+02  1.371600E+01  7.020992E+03  2.600071E+03  5.240757E+03  6.939534E+02  1.259256E+03  2.175993E+03  7.609078E+02  3.771900E+01  4.585513E+03  6.121908E+02  1.496060E+01  5.664200E+00  7.648423E+03  1.195476E+03  3.797452E+03  1.024331E+03  3.283941E+03  3.125470E+02  1.458976E+02  7.549388E+02  1.732458E+03  3.717061E+03  2.034032E+02  6.482842E+02  1.749704E+03  1.826666E+03  3.189402E+03  8.206232E+02  4.067048E+02  2.632481E+03  1.133475E+03  6.066841E+03  1.446784E+02  4.591050E+02  2.136369E+03  2.917952E+02  1.475994E+03  6.624320E+01  1.541526E+02  1.477315E+03  9.975088E+02
2020-10-31  7.851394E+02  1.219200E+01  6.807225E+03  2.325065E+03  5.130800E+03  6.275070E+02  1.117473E+03  2.099793E+03  6.774688E+02  3.312160E+01  4.266438E+03  5.595112E+02  1.313180E+01  9.042400E+00  7.287565E+03  1.097585E+03  3.610407E+03  9.307576E+02  3.107715E+03  2.836672E+02  1.389888E+02  7.610348E+02  1.716989E+03  3.636391E+03  1.815338E+02  5.877560E+02  1.600429E+03  1.638630E+03  2.938729E+03  7.478776E+02  3.682492E+02  2.466594E+03  1.014273E+03  5.525262E+03  1.283716E+02  4.072382E+02  1.990877E+03  2.531364E+02  1.371067E+03  5.882640E+01  1.411986E+02  1.396670E+03  8.997950E+02
2020-11-30  9.180271E+03  3.031744E+02  5.085192E+04  2.545908E+04  2.684432E+04  7.073240E+03  1.883562E+04  1.224788E+04  1.338720E+04  1.978711E+03  2.691008E+04  1.943296E+04  8.575802E+02  1.359891E+03  3.022989E+04  2.891003E+04  2.533155E+04  3.382264E+04  1.119091E+05  1.429649E+04  1.216627E+04  1.625676E+03  1.300853E+04  2.851965E+04  6.718605E+03  1.585544E+04  2.307834E+04  1.943621E+04  9.544487E+04  8.454212E+03  7.967320E+03  2.630904E+04  2.024385E+04  8.354929E+04  2.440330E+03  7.322515E+03  1.086056E+04  3.192856E+03  4.868243E+04  2.700782E+02  3.690874E+02  9.426270E+03  8.529665E+04
2020-12-31  7.606284E+03  4.682236E+02  4.266580E+04  5.191603E+04  1.860265E+04  1.414671E+04  3.275267E+04  1.285375E+04  2.946159E+04  2.173249E+03  5.524340E+04  2.618298E+04  9.624314E+02  1.279754E+03  3.723391E+04  3.551359E+04  5.903257E+04  4.352336E+04  1.343802E+05  1.870776E+04  1.258372E+04  1.765452E+03  1.873806E+04  2.745456E+04  1.198184E+04  3.319041E+04  4.931651E+04  2.286897E+04  1.147708E+05  1.690550E+04  1.742920E+04  5.932640E+04  1.248004E+04  6.093833E+04  1.598752E+03  1.466911E+04  2.245190E+04  6.963766E+03  6.526474E+04  8.364728E+02  6.184900E+02  1.171666E+04  5.103452E+04
2021-01-31  1.696080E+04  7.767828E+02  1.792620E+05  1.440118E+05  4.883368E+04  2.913873E+04  7.233668E+04  2.277567E+04  6.549037E+04  3.521761E+03  1.144234E+05  5.889597E+04  1.476858E+03  1.305585E+03  6.977299E+04  6.854368E+04  2.027317E+05  1.016340E+05  2.657744E+05  3.919164E+04  1.745999E+04  2.490445E+03  7.644554E+04  5.480644E+04  2.586744E+04  7.045302E+04  1.124030E+05  4.585152E+04  2.820960E+05  4.312270E+04  4.286832E+04  1.815610E+05  5.379743E+04  1.839229E+05  5.020158E+03  2.847815E+04  4.600511E+04  1.478328E+04  1.339927E+05  3.283356E+03  3.494532E+03  2.131644E+04  1.798101E+05
2021-02-28  1.424663E+04  7.437374E+02  3.121031E+05  2.007956E+05  5.290947E+04  3.534110E+04  8.420130E+04  3.227794E+04  8.127263E+04  3.227756E+03  1.663690E+05  5.696615E+04  1.412646E+03  9.536430E+02  6.909110E+04  7.415210E+04  3.404417E+05  8.890536E+04  2.581687E+05  2.687234E+04  1.029040E+04  3.243910E+03  1.433385E+05  4.608147E+04  2.584209E+04  8.178703E+04  1.584719E+05  3.741842E+04  2.634693E+05  6.137783E+04  5.243350E+04  2.746152E+05  5.981459E+04  2.185083E+05  4.924095E+03  3.880917E+04  6.451161E+04  2.015594E+04  1.293784E+05  5.278171E+03  7.130898E+03  2.142442E+04  1.304383E+05
2021-03-31  8.024520E+03  6.200140E+02  2.633015E+05  2.358893E+05  6.153968E+04  4.136136E+04  8.714049E+04  8.686355E+04  8.940472E+04  1.648689E+03  2.515747E+05  3.377730E+04  6.892544E+02  3.065272E+02  6.819710E+04  7.396500E+04  4.563286E+05  4.896376E+04  1.781494E+05  1.172441E+04  3.250057E+03  5.658409E+03  9.610154E+04  3.268782E+04  2.218372E+04  7.777673E+04  1.776746E+05  2.054576E+04  1.826632E+05  5.908939E+04  4.819439E+04  3.418968E+05  3.916304E+04  1.612890E+05  2.404999E+03  4.139768E+04  1.037371E+05  2.278743E+04  8.532086E+04  4.920259E+03  7.256475E+03  1.894906E+04  3.384890E+04
2021-04-30  3.425546E+03  3.462020E+01  8.684453E+04  1.041391E+05  3.576523E+04  2.112924E+04  2.888104E+04  5.158201E+04  3.651821E+04  1.070610E+02  1.413083E+05  8.041919E+03  5.798820E+01  3.235960E+01  3.906159E+04  2.170346E+04  2.351350E+05  9.426423E+03  5.351079E+04  1.401674E+03  3.635502E+02  5.987974E+03  5.020628E+04  1.562730E+04  4.129761E+03  3.267880E+04  8.116804E+04  8.256981E+03  4.921633E+04  2.583995E+04  2.114469E+04  1.612090E+05  1.566466E+04  7.245175E+04  6.346952E+02  1.921530E+04  6.766438E+04  9.922688E+03  2.042927E+04  1.080618E+03  1.490548E+03  8.953652E+03  7.633995E+03
2021-05-31  2.137156E+03  2.324100E+01  2.374532E+04  4.038450E+04  2.522946E+04  8.033944E+03  8.449742E+03  2.334339E+04  1.225045E+04  1.170432E+02  6.339848E+04  2.199716E+03  7.038340E+01  3.093720E+01  1.919313E+04  5.324653E+03  1.035411E+05  3.433115E+03  1.611539E+04  8.406384E+02  2.930906E+02  3.444596E+03  2.719949E+04  8.401609E+03  4.592066E+02  1.162383E+04  3.451883E+04  5.525287E+03  1.595981E+04  8.665108E+03  9.085656E+03  6.191565E+04  6.749313E+03  3.197451E+04  3.868166E+02  8.308010E+03  3.442812E+04  3.825138E+03  5.750230E+03  2.133092E+02  2.881122E+02  4.001287E+03  3.234995E+03
2021-06-30  1.473657E+03  1.490980E+01  1.056696E+04  1.534978E+04  1.259650E+04  1.723593E+03  2.786812E+03  6.790741E+03  4.033190E+03  9.116060E+01  2.045477E+04  1.228725E+03  6.410960E+01  4.180840E+01  1.201346E+04  2.230501E+03  3.249005E+04  2.154936E+03  7.594854E+03  5.831586E+02  2.440432E+02  1.268705E+03  8.140421E+03  5.697093E+03  3.037078E+02  3.201441E+03  1.153978E+04  4.317746E+03  7.186422E+03  2.343328E+03  3.036291E+03  1.897949E+04  2.783002E+03  1.497216E+04  2.555494E+02  2.249018E+03  1.239368E+04  8.553196E+02  3.238373E+03  1.053338E+02  1.916938E+02  2.597531E+03  1.905610E+03
2021-07-31  1.263599E+03  1.264920E+01  8.931885E+03  5.359959E+03  7.558735E+03  1.031697E+03  1.816075E+03  3.218307E+03  1.370178E+03  6.357620E+01  6.968998E+03  9.317990E+02  4.315460E+01  8.115300E+01  9.889744E+03  1.635023E+03  9.008720E+03  1.622577E+03  6.067908E+03  4.771136E+02  2.421128E+02  9.590532E+02  2.649652E+03  4.991938E+03  2.528570E+02  1.167536E+03  3.488207E+03  3.475507E+03  5.158537E+03  1.582776E+03  9.581134E+02  6.455918E+03  1.961972E+03  9.962159E+03  1.998726E+02  8.443214E+02  3.634130E+03  3.804412E+02  2.444801E+03  8.557260E+01  1.643380E+02  2.093697E+03  1.489583E+03
2021-08-31  9.321038E+02  1.069340E+01  7.365543E+03  3.437814E+03  5.734837E+03  7.711440E+02  1.338377E+03  2.545385E+03  8.518398E+02  3.093720E+01  4.686478E+03  7.147560E+02  1.234440E+01  5.892800E+00  8.358657E+03  1.265123E+03  4.953457E+03  1.258341E+03  4.084244E+03  3.701542E+02  1.549400E+02  8.452866E+02  1.983842E+03  3.926510E+03  2.083816E+02  8.446008E+02  2.237791E+03  2.452294E+03  3.921862E+03  1.128471E+03  5.638292E+02  3.278657E+03  1.347749E+03  6.681775E+03  1.578610E+02  5.205984E+02  2.152726E+03  2.844800E+02  1.825828E+03  6.967220E+01  1.404874E+02  1.750695E+03  1.134872E+03
2021-09-30  1.386942E+03  2.631440E+01  8.430336E+03  3.550666E+03  6.748678E+03  9.500616E+02  2.394585E+03  2.239315E+03  1.319911E+03  2.751328E+02  6.366205E+03  8.369808E+02  2.017014E+02  1.286510E+02  8.160741E+03  2.537765E+03  4.512183E+03  1.426159E+03  5.423027E+03  3.983228E+02  2.474214E+02  7.705090E+02  1.807820E+03  4.687570E+03  3.818636E+02  1.486967E+03  2.669032E+03  3.765271E+03  3.913276E+03  1.279373E+03  7.991602E+02  3.215792E+03  1.771726E+03  1.348450E+04  2.158746E+02  1.689456E+03  2.370176E+03  4.108958E+02  2.545944E+03  6.510020E+01  1.304290E+02  1.572387E+03  1.354125E+03
2021-10-31  1.330338E+04  9.145524E+02  8.935499E+04  4.704080E+04  4.296387E+04  1.741579E+04  4.508520E+04  1.521927E+04  3.024411E+04  6.993280E+03  6.899057E+04  2.565753E+04  3.416427E+03  1.762506E+03  4.701781E+04  8.778149E+04  3.606129E+04  4.926193E+04  1.320755E+05  2.306955E+04  1.345860E+04  1.704492E+03  1.299964E+04  4.261071E+04  1.414856E+04  2.938079E+04  4.673973E+04  3.360367E+04  1.668868E+05  1.301476E+04  1.090577E+04  4.202621E+04  5.677764E+04  2.629844E+05  3.724250E+03  1.998980E+04  2.844475E+04  8.810193E+03  5.855144E+04  3.002737E+03  6.044184E+03  1.165731E+04  1.977877E+05
2021-11-30  5.633466E+03  1.453566E+03  1.103246E+05  1.693306E+05  2.106968E+04  4.541106E+04  1.076799E+05  7.103745E+03  9.815510E+04  3.404387E+03  2.008259E+05  2.569319E+04  1.067968E+03  2.936748E+02  2.068187E+04  9.616829E+04  1.227430E+05  5.151029E+04  1.205715E+05  2.538854E+04  7.902829E+03  1.141857E+03  1.409532E+04  1.828731E+04  3.544778E+04  7.723807E+04  1.586241E+05  1.492156E+04  2.135317E+05  3.055887E+04  2.636416E+04  1.438745E+05  2.802247E+04  1.286869E+05  3.083357E+03  4.622256E+04  7.989982E+04  2.834254E+04  5.700362E+04  6.020410E+03  1.052891E+04  5.055260E+03  4.947397E+04
2021-12-31  1.326688E+04  7.426452E+02  1.804395E+05  2.350282E+05  4.394111E+04  4.646353E+04  1.022876E+05  1.605928E+04  1.038064E+05  3.335172E+03  2.611869E+05  3.709685E+04  1.637513E+03  1.611376E+03  6.939570E+04  9.197685E+04  2.266981E+05  6.955221E+04  1.724256E+05  2.567102E+04  1.326220E+04  1.770888E+03  1.954860E+04  4.992441E+04  2.755577E+04  8.832505E+04  1.981698E+05  4.248602E+04  1.976060E+05  4.116743E+04  3.833701E+04  2.417610E+05  6.555839E+04  2.610940E+05  3.469996E+03  5.222596E+04  9.831413E+04  2.591631E+04  8.452206E+04  6.038266E+03  8.012354E+03  1.893816E+04  1.716605E+05
2022-01-31  1.483269E+04  6.379464E+02  3.115948E+05  2.953231E+05  5.642961E+04  6.133130E+04  1.178193E+05  1.613489E+04  1.141510E+05  1.591767E+03  3.579836E+05  4.590247E+04  6.611620E+02  6.167882E+02  8.166011E+04  1.256276E+05  4.282240E+05  7.681793E+04  1.971900E+05  2.094578E+04  7.934071E+03  1.678076E+03  4.869188E+04  5.408386E+04  2.628859E+04  9.423702E+04  2.399470E+05  3.630366E+04  2.585608E+05  5.978235E+04  5.004994E+04  3.819358E+05  7.399122E+04  3.064713E+05  4.862170E+03  5.466306E+04  1.537078E+05  2.646020E+04  9.906632E+04  4.883709E+03  6.702908E+03  1.830761E+04  9.843262E+04
2022-02-28  4.037178E+03  4.427220E+01  1.445917E+05  1.518799E+05  3.686338E+04  3.912004E+04  5.571617E+04  7.756449E+03  5.748310E+04  7.424420E+01  2.201348E+05  1.185634E+04  2.908300E+01  1.861820E+01  3.622746E+04  4.615774E+04  2.733141E+05  1.489474E+04  6.203516E+04  1.618488E+03  2.991866E+02  8.157210E+02  5.017036E+04  2.262266E+04  7.806792E+03  4.857582E+04  1.335533E+05  7.821879E+03  7.958991E+04  3.371474E+04  2.562840E+04  2.129614E+05  2.549807E+04  1.223878E+05  1.103757E+03  2.936258E+04  9.816417E+04  1.372324E+04  2.533144E+04  1.546708E+03  9.257538E+02  5.604535E+03  1.249606E+04
2022-03-31  3.558413E+03  3.776980E+01  8.958717E+04  1.067489E+05  3.704041E+04  2.743413E+04  3.330072E+04  1.601119E+04  3.709081E+04  2.821686E+02  1.796621E+05  6.469812E+03  1.646936E+02  1.861058E+02  2.930367E+04  2.158187E+04  2.088685E+05  7.374382E+03  3.851214E+04  1.775384E+03  7.964424E+02  8.416544E+02  3.829124E+04  1.866788E+04  3.044876E+03  3.360732E+04  9.926899E+04  7.488987E+03  4.421523E+04  2.305606E+04  1.968569E+04  1.499426E+05  1.624602E+04  7.925493E+04  8.359648E+02  2.089912E+04  8.172018E+04  8.681796E+03  1.443032E+04  1.311021E+03  1.253236E+03  4.069410E+03  7.714259E+03
2022-04-30  3.201619E+03  1.626870E+02  4.995474E+04  6.712224E+04  2.742999E+04  1.558704E+04  2.189615E+04  1.291996E+04  2.477717E+04  1.338326E+03  1.189802E+05  4.181196E+03  6.927596E+02  2.987294E+02  1.829839E+04  2.338687E+04  1.205524E+05  9.596196E+03  2.665816E+04  3.586759E+03  1.420724E+03  8.028432E+02  2.111967E+04  1.389431E+04  2.489530E+03  2.069280E+04  6.139701E+04  8.626348E+03  2.981030E+04  1.132677E+04  1.288344E+04  8.676368E+04  9.962540E+03  6.413152E+04  8.370062E+02  1.453609E+04  5.561134E+04  5.725211E+03  1.266312E+04  2.515895E+03  4.381551E+03  2.917698E+03  6.537833E+03
2022-05-31  1.601216E+03  2.951480E+01  2.024474E+04  3.774747E+04  1.584876E+04  5.942051E+03  9.888550E+03  7.085178E+03  1.386004E+04  4.475226E+02  6.928975E+04  1.170584E+03  2.246376E+02  4.726940E+01  1.229746E+04  9.309964E+03  6.508377E+04  2.123567E+03  7.838161E+03  5.882894E+02  2.492248E+02  7.741666E+02  1.061235E+04  6.568897E+03  6.070854E+02  9.370416E+03  3.285797E+04  3.547770E+03  7.964043E+03  3.863111E+03  6.245174E+03  4.409275E+04  4.378198E+03  2.898701E+04  2.984754E+02  8.229956E+03  3.566866E+04  3.189656E+03  3.030703E+03  4.471416E+02  3.017723E+03  2.307006E+03  2.156536E+03
2022-06-30  1.713001E+03  2.446020E+01  1.278849E+04  1.637109E+04  1.086467E+04  1.686103E+03  3.539211E+03  3.119145E+03  4.626229E+03  2.237994E+02  2.673126E+04  1.688770E+03  1.791716E+02  2.660396E+02  1.026551E+04  2.562123E+03  2.403879E+04  2.929814E+03  1.102274E+04  1.072490E+03  6.676390E+02  7.360412E+02  3.480537E+03  6.598158E+03  4.248404E+02  2.822118E+03  1.148418E+04  5.090211E+03  8.635238E+03  2.157222E+03  2.514448E+03  1.676441E+04  2.970378E+03  1.913440E+04  3.062478E+02  2.952699E+03  1.472595E+04  8.318754E+02  4.160342E+03  1.344676E+02  4.248912E+02  1.894307E+03  3.034919E+03
2022-07-31  1.209116E+03  2.301240E+01  8.775192E+03  6.130061E+03  7.060819E+03  1.140181E+03  2.190801E+03  2.450795E+03  1.893697E+03  1.587754E+02  1.029360E+04  7.844028E+02  1.131824E+02  7.932420E+01  8.813241E+03  1.895348E+03  8.712149E+03  1.386510E+03  5.007051E+03  4.127754E+02  2.355088E+02  7.344410E+02  2.072411E+03  4.735093E+03  3.216148E+02  1.269746E+03  4.078834E+03  2.865907E+03  4.394683E+03  1.312977E+03  8.078978E+02  7.071284E+03  1.794180E+03  1.044585E+04  1.998726E+02  1.351915E+03  5.360467E+03  4.010406E+02  2.069160E+03  1.091692E+02  1.977390E+02  1.672234E+03  1.352118E+03
2022-08-31  7.979664E+02  2.870200E+01  6.957695E+03  3.701644E+03  5.342712E+03  8.955278E+02  1.794408E+03  2.137080E+03  1.052652E+03  1.309116E+02  6.248171E+03  6.547612E+02  9.563100E+01  4.800600E+01  7.832217E+03  1.604721E+03  4.796587E+03  1.186993E+03  3.962375E+03  3.302508E+02  1.668526E+02  7.164324E+02  1.795932E+03  3.536010E+03  2.844292E+02  1.113663E+03  2.458314E+03  2.904236E+03  3.342564E+03  1.087476E+03  6.459728E+02  3.451606E+03  1.304671E+03  9.027998E+03  1.446022E+02  1.125652E+03  2.717876E+03  3.001010E+02  1.727860E+03  7.505700E+01  1.467104E+02  1.467180E+03  9.859518E+02
2022-09-30  1.047445E+03  4.521200E+01  7.659345E+03  3.622904E+03  5.805297E+03  9.898888E+02  1.970049E+03  1.941424E+03  1.473606E+03  1.926082E+02  6.715430E+03  6.077712E+02  1.192022E+02  6.304280E+01  6.942861E+03  2.177390E+03  4.207739E+03  1.062609E+03  3.991788E+03  3.751834E+02  2.049272E+02  6.834124E+02  1.685417E+03  4.093896E+03  4.045712E+02  1.207465E+03  2.707005E+03  2.258543E+03  3.444189E+03  9.169146E+02  5.892800E+02  3.159608E+03  1.340866E+03  8.195589E+03  1.824990E+02  1.174166E+03  3.278048E+03  8.444992E+02  1.564005E+03  7.830820E+01  1.457198E+02  1.316101E+03  1.003275E+03
2022-10-31  1.073429E+03  1.084580E+01  8.622716E+03  2.350262E+03  5.997016E+03  5.851906E+02  1.046328E+03  1.931441E+03  6.784340E+02  2.763520E+01  3.758946E+03  6.234176E+02  1.226820E+01  9.121140E+01  6.776390E+03  1.011453E+03  3.697021E+03  9.121648E+02  4.513809E+03  3.348482E+02  3.006090E+02  6.992112E+02  1.771879E+03  4.091203E+03  1.970278E+02  6.619240E+02  1.639011E+03  1.915363E+03  4.356227E+03  7.927340E+02  4.392930E+02  2.558796E+03  9.933686E+02  4.868393E+03  2.311146E+02  3.736086E+02  1.786534E+03  2.081530E+02  1.756029E+03  6.934200E+01  1.319276E+02  1.275283E+03  9.645142E+02
2022-11-30  7.393229E+03  3.810762E+02  5.587068E+04  4.380868E+04  2.395060E+04  1.147496E+04  3.083060E+04  9.706331E+03  2.395261E+04  2.419960E+03  3.978062E+04  2.503386E+04  1.045820E+03  9.610598E+02  3.632213E+04  3.806162E+04  4.660892E+04  4.721715E+04  1.127481E+05  2.129282E+04  9.632442E+03  1.285316E+03  1.120950E+04  2.450531E+04  1.235586E+04  2.797683E+04  4.207993E+04  2.390861E+04  1.368653E+05  1.412928E+04  1.352123E+04  4.814090E+04  2.391534E+04  1.021437E+05  2.251456E+03  1.163950E+04  1.485964E+04  4.640224E+03  5.868119E+04  3.818382E+02  4.771136E+02  9.874707E+03  9.413202E+04
2022-12-31  1.882739E+04  8.645398E+02  1.505717E+05  1.475527E+05  5.874873E+04  2.841666E+04  7.112856E+04  2.040128E+04  6.502532E+04  6.301613E+03  1.265646E+05  4.575686E+04  3.315945E+03  2.900274E+03  9.369580E+04  8.702451E+04  1.818452E+05  9.178257E+04  2.204215E+05  3.640336E+04  1.849918E+04  2.089785E+03  2.273800E+04  6.348908E+04  2.454224E+04  7.296340E+04  1.307305E+05  6.222357E+04  2.436935E+05  3.988826E+04  4.237332E+04  1.633629E+05  7.271314E+04  2.818500E+05  4.689780E+03  3.915232E+04  4.686231E+04  1.387404E+04  1.109549E+05  3.886759E+03  8.840673E+03  2.408583E+04  2.488662E+05
2023-01-31  4.707128E+04  3.299841E+03  1.265335E+06  9.319607E+05  2.627532E+05  2.035125E+05  3.844425E+05  1.625019E+05  3.332394E+05  1.608018E+04  1.042684E+06  1.826792E+05  6.302832E+03  2.787599E+03  5.714149E+05  5.852127E+05  1.277384E+06  3.370339E+05  8.486613E+05  1.122999E+05  4.283532E+04  8.391042E+03  2.833367E+05  1.900072E+05  9.284233E+04  3.076806E+05  7.016434E+05  1.781770E+05  1.095398E+06  2.217010E+05  1.567944E+05  1.162239E+06  3.494750E+05  1.334379E+06  2.128190E+04  1.726112E+05  4.790846E+05  9.526440E+04  4.004243E+05  2.625954E+04  6.549873E+04  1.045379E+05  6.483782E+05
2023-02-28  1.892884E+04  1.259713E+03  5.484965E+05  5.976835E+05  1.366025E+05  1.693897E+05  2.413797E+05  1.990643E+05  2.006041E+05  1.262786E+03  8.859157E+05  6.737662E+04  5.117084E+02  3.623818E+02  7.256426E+05  2.962927E+05  1.006613E+06  1.170413E+05  3.723049E+05  3.432447E+04  5.137556E+03  3.226793E+04  1.373406E+05  9.433344E+04  4.445947E+04  1.722134E+05  4.848599E+05  1.010759E+05  5.232349E+05  1.752707E+05  1.016045E+05  7.544585E+05  1.079735E+05  5.231359E+05  6.729476E+03  1.033176E+05  3.686788E+05  5.626075E+04  1.741636E+05  8.458937E+03  2.342566E+04  1.117025E+05  9.465196E+04
2023-03-31  3.004396E+04  1.120115E+03  5.939422E+05  6.333437E+05  2.036666E+05  1.940008E+05  2.894781E+05  2.668355E+05  2.243655E+05  4.996815E+03  1.078339E+06  7.749390E+04  2.156206E+03  1.423264E+03  9.516959E+05  2.793560E+05  1.144075E+06  1.464356E+05  4.111326E+05  4.706592E+04  1.625455E+04  8.230032E+04  1.658045E+05  1.261074E+05  4.111523E+04  1.970336E+05  5.490380E+05  1.593012E+05  5.213909E+05  2.125280E+05  1.189669E+05  8.157896E+05  1.690603E+05  7.604235E+05  8.844509E+03  1.166497E+05  4.818134E+05  6.063262E+04  1.983071E+05  1.345209E+04  2.322515E+04  1.583921E+05  2.511036E+05
2023-04-30  1.273299E+04  2.725166E+02  3.501281E+05  3.720288E+05  9.795251E+04  1.112238E+05  1.612662E+05  1.805960E+05  1.267305E+05  4.020312E+02  6.808996E+05  3.400831E+04  7.719060E+01  5.819140E+01  6.252370E+05  1.480833E+05  6.677116E+05  6.688590E+04  1.900267E+05  1.484457E+04  2.123364E+03  6.621526E+04  8.589615E+04  6.293015E+04  2.002094E+04  1.129609E+05  3.134075E+05  8.503382E+04  2.348745E+05  1.240916E+05  7.008912E+04  4.596364E+05  7.195254E+04  3.977694E+05  2.682596E+03  5.915972E+04  3.241103E+05  3.381581E+04  8.846393E+04  6.687769E+03  1.315446E+04  1.029286E+05  5.698396E+04
2023-05-31  7.132777E+03  8.257540E+01  1.263627E+05  1.796381E+05  5.524833E+04  4.615706E+04  5.927756E+04  7.751729E+04  5.468333E+04  6.609080E+02  3.613206E+05  1.192957E+04  3.246374E+02  3.835146E+02  2.681942E+05  4.627667E+04  3.404134E+05  2.304306E+04  7.527148E+04  5.842711E+03  2.348306E+03  3.762842E+04  5.241117E+04  3.501377E+04  5.324754E+03  5.169218E+04  1.471893E+05  3.797061E+04  8.069712E+04  4.917648E+04  3.197769E+04  2.345919E+05  3.233608E+04  1.975456E+05  1.348791E+03  2.796494E+04  1.654277E+05  1.360312E+04  2.997784E+04  2.838475E+03  5.506288E+03  3.709733E+04  2.540338E+04
2023-06-30  3.191942E+03  3.431540E+01  2.998130E+04  5.464058E+04  3.155203E+04  1.216249E+04  1.561551E+04  3.199082E+04  1.513815E+04  2.418588E+02  1.426625E+05  3.249676E+03  1.293876E+02  2.246630E+02  8.539635E+04  7.932064E+03  1.177708E+05  6.490106E+03  2.067629E+04  1.872818E+03  8.670036E+02  1.069198E+04  2.458182E+04  1.378341E+04  1.393876E+03  1.601721E+04  4.667131E+04  1.593228E+04  2.134253E+04  1.241971E+04  1.033008E+04  7.638956E+04  1.142566E+04  6.824299E+04  5.288788E+02  8.900312E+03  6.624775E+04  3.968090E+03  8.097622E+03  5.517896E+02  9.899650E+02  9.331884E+03  7.259015E+03
2023-07-31  1.798955E+03  2.270760E+01  1.244090E+04  1.726217E+04  1.633009E+04  3.247263E+03  6.103925E+03  1.013244E+04  4.995037E+03  1.053846E+02  4.278848E+04  1.779422E+03  2.537460E+01  1.041400E+01  2.801574E+04  3.190799E+03  3.442525E+04  3.441319E+03  8.797671E+03  1.059637E+03  4.497578E+02  2.315845E+03  7.299046E+03  7.340981E+03  9.662414E+02  4.771873E+03  1.335474E+04  8.127314E+03  9.876333E+03  3.721151E+03  3.306801E+03  2.273343E+04  4.330471E+03  2.550107E+04  3.403346E+02  2.071421E+03  2.913266E+04  1.178357E+03  4.310710E+03  2.900172E+02  3.908298E+02  4.546346E+03  3.658006E+03
2023-08-31  1.805737E+03  2.136140E+01  1.078522E+04  8.294624E+03  9.684029E+03  1.900784E+03  4.415384E+03  3.976370E+03  2.317801E+03  1.596136E+02  1.121893E+04  2.459863E+03  9.522460E+01  1.843278E+02  2.002899E+04  2.481326E+03  1.400040E+04  6.429223E+03  1.078441E+04  1.492733E+03  6.073648E+02  1.158824E+03  2.721762E+03  6.834200E+03  8.596122E+02  3.688004E+03  5.235677E+03  1.112040E+04  8.435492E+03  3.233242E+03  2.783942E+03  1.174084E+04  2.899258E+03  1.776362E+04  3.072638E+02  1.826336E+03  7.810068E+03  6.364732E+02  7.661021E+03  1.977390E+02  2.655062E+02  3.900068E+03  2.797531E+03
2023-09-30  2.127961E+03  1.960880E+01  1.152703E+04  4.631080E+03  8.715070E+03  1.386611E+03  3.430295E+03  3.168879E+03  1.556639E+03  1.598676E+02  7.021652E+03  1.580591E+03  1.116076E+02  1.954022E+02  1.301592E+04  2.005101E+03  6.350762E+03  2.765806E+03  9.911893E+03  1.135685E+03  6.481064E+02  9.057894E+02  2.227351E+03  6.654851E+03  6.384798E+02  2.159025E+03  3.271418E+03  5.648833E+03  8.566607E+03  2.079396E+03  1.100430E+03  5.469966E+03  2.529637E+03  1.658666E+04  3.536696E+02  1.324813E+03  3.292094E+03  4.967986E+02  4.047363E+03  1.494028E+02  2.131314E+02  2.562962E+03  2.772537E+03
2023-10-31  1.641196E+03  2.456180E+01  9.814738E+03  3.807638E+03  7.626426E+03  1.234186E+03  2.944343E+03  2.735961E+03  1.484224E+03  1.447800E+02  6.396279E+03  9.535160E+02  8.892540E+01  7.975600E+01  1.111468E+04  1.868932E+03  4.988382E+03  1.756715E+03  5.246446E+03  5.601970E+02  3.428746E+02  8.358632E+02  1.975561E+03  5.881091E+03  6.162040E+02  1.757147E+03  2.917596E+03  3.788816E+03  4.948225E+03  1.504544E+03  7.331456E+02  4.230497E+03  1.973377E+03  1.175014E+04  3.031998E+02  1.089330E+03  2.832379E+03  4.640326E+02  2.374773E+03  1.357630E+02  1.995932E+02  2.246706E+03  1.799234E+03
2023-11-30  2.813025E+03  7.650480E+01  2.530071E+04  1.510563E+04  1.096228E+04  3.158871E+03  9.037041E+03  3.272130E+03  7.876261E+03  7.172706E+02  1.454950E+04  6.060440E+03  3.469640E+02  3.643630E+02  1.194811E+04  1.036211E+04  1.546705E+04  1.090044E+04  2.978097E+04  5.588559E+03  2.514651E+03  8.256524E+02  3.712464E+03  9.388399E+03  3.700856E+03  9.011260E+03  1.382486E+04  7.877937E+03  3.926571E+04  3.898519E+03  4.333342E+03  1.589537E+04  6.594500E+03  2.955168E+04  1.011479E+03  3.821252E+03  5.751932E+03  1.289101E+03  1.391580E+04  1.631442E+02  2.601214E+02  2.666644E+03  1.660675E+04
2023-12-31  9.706458E+03  6.659626E+02  6.869214E+04  6.585633E+04  2.998610E+04  1.762938E+04  4.692363E+04  1.220770E+04  3.683315E+04  4.253662E+03  6.775775E+04  2.954462E+04  1.933880E+03  1.240638E+03  4.923589E+04  6.255690E+04  6.316188E+04  5.728711E+04  1.325388E+05  2.479434E+04  1.134806E+04  1.541120E+03  1.291298E+04  3.084368E+04  1.640736E+04  3.822184E+04  6.150724E+04  3.281731E+04  1.560171E+05  1.756753E+04  1.872854E+04  6.593073E+04  3.037810E+04  1.532684E+05  2.830576E+03  1.868635E+04  2.628951E+04  7.674585E+03  7.156409E+04  1.989658E+03  2.848077E+03  1.339842E+04  1.105758E+05
2024-01-31  2.667178E+04  1.657248E+03  4.190185E+05  3.167780E+05  8.030520E+04  5.900108E+04  1.453231E+05  3.519259E+04  1.315941E+05  8.333613E+03  2.872648E+05  8.102422E+04  3.590366E+03  2.786659E+03  1.632368E+05  1.561470E+05  3.300289E+05  1.574056E+05  3.636547E+05  5.945574E+04  2.789017E+04  3.423717E+03  5.885889E+04  9.164833E+04  4.471126E+04  1.194950E+05  2.578641E+05  8.772573E+04  4.330831E+05  6.832491E+04  6.764630E+04  3.160943E+05  1.283195E+05  4.870812E+05  8.869959E+03  6.774772E+04  1.288079E+05  3.349224E+04  1.874059E+05  1.020735E+04  2.206277E+04  4.076443E+04  3.670815E+05
2024-02-29  2.440996E+04  1.870431E+03  7.879462E+05  6.596573E+05  1.607346E+05  1.178948E+05  2.482341E+05  1.575064E+05  2.271640E+05  5.945962E+03  7.408289E+05  1.036988E+05  2.441219E+03  1.248258E+03  4.182036E+05  2.909457E+05  9.111160E+05  1.814029E+05  4.853869E+05  5.738498E+04  1.838419E+04  6.454038E+03  2.237559E+05  9.706178E+04  5.906475E+04  1.929004E+05  4.953976E+05  9.809714E+04  5.777695E+05  1.264389E+05  9.976010E+04  8.051266E+05  1.849638E+05  7.927236E+05  1.021212E+04  1.104966E+05  4.340710E+05  6.221854E+04  2.418383E+05  1.271433E+04  2.565072E+04  7.105658E+04  2.369921E+05
2024-03-31  2.535748E+04  1.249731E+03  6.628943E+05  7.019564E+05  1.702736E+05  1.570672E+05  2.663950E+05  2.677824E+05  2.291670E+05  3.250082E+03  9.638591E+05  7.961607E+04  1.433373E+03  1.277798E+03  7.531950E+05  3.047605E+05  1.101456E+06  1.400462E+05  4.303809E+05  4.240583E+04  1.174026E+04  4.280939E+04  1.936074E+05  1.048958E+05  5.261044E+04  2.046765E+05  5.721251E+05  1.225397E+05  5.400357E+05  1.624761E+05  1.117796E+05  8.416870E+05  1.959923E+05  8.371867E+05  7.776007E+03  1.128377E+05  4.487694E+05  5.905472E+04  2.043967E+05  9.706839E+03  2.512786E+04  1.263674E+05  2.310946E+05
2024-04-30  1.195631E+04  4.167886E+02  2.706453E+05  3.865267E+05  8.023268E+04  9.417434E+04  1.451602E+05  1.422536E+05  1.306887E+05  1.341095E+03  6.071158E+05  2.973255E+04  5.951220E+02  4.323334E+02  4.151830E+05  1.362809E+05  6.306608E+05  5.302456E+04  1.745809E+05  1.355156E+04  3.667481E+03  5.765145E+04  7.934490E+04  5.779676E+04  2.537358E+04  1.146320E+05  3.255399E+05  6.166769E+04  2.230180E+05  9.155097E+04  6.383896E+04  4.574998E+05  8.022920E+04  4.182064E+05  2.619502E+03  6.116462E+04  2.787187E+05  3.274088E+04  7.929801E+04  7.543165E+03  1.808427E+04  6.911764E+04  7.135858E+04
2024-05-31  5.550205E+03  7.848600E+01  8.913726E+04  1.945815E+05  4.627819E+04  4.269623E+04  5.846315E+04  6.586301E+04  6.157656E+04  5.924550E+02  3.275584E+05  9.171076E+03  3.101086E+02  1.978406E+02  1.923698E+05  4.172316E+04  3.378969E+05  1.714007E+04  5.915917E+04  3.889197E+03  1.393292E+03  3.337969E+04  5.207137E+04  2.826746E+04  7.260768E+03  5.518457E+04  1.607927E+05  2.886428E+04  6.739857E+04  3.890388E+04  3.007998E+04  2.434493E+05  3.435215E+04  2.096862E+05  1.030326E+03  2.937147E+04  1.368408E+05  1.420185E+04  2.471146E+04  2.627528E+03  7.589596E+03  2.583774E+04  2.572621E+04
2024-06-30  2.410231E+03  2.491740E+01  2.007164E+04  5.267952E+04  2.553378E+04  1.105517E+04  1.317798E+04  2.630757E+04  1.538409E+04  7.546340E+01  1.074204E+05  2.341804E+03  2.799080E+01  1.109980E+01  5.337968E+04  6.438036E+03  1.095104E+05  4.563516E+03  1.422621E+04  1.343990E+03  4.349496E+02  8.779307E+03  2.221098E+04  1.065911E+04  9.190990E+02  1.445443E+04  4.673498E+04  1.142710E+04  1.713233E+04  9.232189E+03  8.933637E+03  7.209427E+04  1.084113E+04  6.147265E+04  4.338828E+02  8.565667E+03  5.507830E+04  3.745509E+03  6.044844E+03  4.151376E+02  9.605010E+02  6.679260E+03  6.148654E+03
2024-07-31  1.717446E+03  2.034540E+01  1.144321E+04  1.543248E+04  1.299317E+04  2.613914E+03  4.877054E+03  7.541717E+03  4.615282E+03  6.009640E+01  2.717932E+04  1.504188E+03  2.255520E+01  9.398000E+00  2.051616E+04  2.811170E+03  2.826443E+04  2.854173E+03  7.828001E+03  9.170670E+02  3.411982E+02  1.907438E+03  5.901538E+03  6.792163E+03  6.677406E+02  3.802812E+03  1.237046E+04  6.955688E+03  8.754745E+03  3.007157E+03  2.674849E+03  1.932859E+04  4.219092E+03  2.299444E+04  3.103626E+02  1.903476E+03  1.820278E+04  9.767570E+02  3.745687E+03  2.421128E+02  4.210558E+02  3.800983E+03  3.344443E+03
2024-08-31  2.032152E+03  1.846580E+01  1.228382E+04  6.397041E+03  9.850679E+03  1.707540E+03  4.313428E+03  3.791356E+03  2.104466E+03  2.179066E+02  9.132468E+03  1.910461E+03  1.558036E+02  2.526030E+02  1.433731E+04  3.082468E+03  8.406765E+03  3.347161E+03  1.171105E+04  1.288948E+03  7.946644E+02  1.109370E+03  2.662022E+03  7.280351E+03  6.947916E+02  2.415007E+03  4.558436E+03  6.423254E+03  9.745777E+03  2.430399E+03  1.132484E+03  7.086041E+03  3.442056E+03  2.031177E+04  3.324098E+02  1.805432E+03  4.853711E+03  5.463032E+02  4.533163E+03  1.703324E+02  2.838450E+02  2.771369E+03  4.980864E+03
2024-09-30  1.697939E+03  3.736340E+01  1.225865E+04  5.734253E+03  8.125358E+03  1.512367E+03  3.873144E+03  2.979979E+03  2.317902E+03  2.633980E+02  7.813599E+03  1.611097E+03  1.503680E+02  1.564132E+02  1.141504E+04  3.469818E+03  6.668313E+03  3.108173E+03  9.109405E+03  1.253439E+03  7.518908E+02  8.831834E+02  2.250999E+03  6.582283E+03  1.053871E+03  2.952445E+03  4.672000E+03  5.316855E+03  9.955479E+03  2.042262E+03  1.270076E+03  6.149772E+03  5.857824E+03  2.049699E+04  3.423920E+02  1.669263E+03  3.381578E+03  6.145022E+02  3.800475E+03  1.431544E+02  2.477770E+02  2.261692E+03  7.985176E+03
2024-10-31  1.739798E+03  1.851660E+01  1.050613E+04  3.891153E+03  7.869403E+03  1.025119E+03  2.501265E+03  2.611272E+03  1.284148E+03  9.420860E+01  5.356682E+03  1.119073E+03  6.017260E+01  1.423924E+02  1.018383E+04  1.648231E+03  5.419242E+03  2.034642E+03  7.054647E+03  8.668258E+02  5.388610E+02  8.183118E+02  2.022043E+03  6.547587E+03  6.329172E+02  1.952549E+03  2.981427E+03  4.357192E+03  6.639560E+03  1.578204E+03  1.011885E+03  4.499610E+03  2.234235E+03  1.153523E+04  2.824226E+02  9.008364E+02  2.417928E+03  3.666744E+02  2.801874E+03  1.161288E+02  1.906778E+02  2.001088E+03  2.051101E+03
2024-11-30  2.944480E+04  1.074344E+03  3.226062E+05  1.254533E+05  9.344848E+04  2.885636E+04  8.562470E+04  3.451644E+04  6.384242E+04  9.183116E+03  1.040329E+05  7.321989E+04  4.313225E+03  3.714979E+03  1.419070E+05  1.319693E+05  1.398965E+05  1.468206E+05  3.408227E+05  5.879427E+04  3.097533E+04  3.214421E+03  3.629061E+04  9.631998E+04  3.159923E+04  6.868150E+04  1.188728E+05  9.414020E+04  4.138427E+05  4.024076E+04  3.865184E+04  1.290189E+05  1.450401E+05  4.992330E+05  9.375140E+03  3.505878E+04  3.763515E+04  1.088464E+04  1.697259E+05  4.520311E+03  9.183954E+03  3.846474E+04  4.560592E+05
2024-12-31  4.345526E+04  2.162302E+03  9.015513E+05  4.984766E+05  2.325869E+05  1.160977E+05  2.853029E+05  9.445087E+04  2.464839E+05  9.605797E+03  4.594224E+05  1.432196E+05  4.199280E+03  3.692550E+03  4.252567E+05  2.398889E+05  8.127985E+05  2.605344E+05  6.300244E+05  8.811577E+04  3.737361E+04  8.029524E+03  1.696359E+05  1.890658E+05  7.845435E+04  2.558722E+05  4.919321E+05  1.638112E+05  7.671187E+05  1.793638E+05  1.469992E+05  6.747358E+05  3.023620E+05  8.917835E+05  1.586161E+04  1.301175E+05  1.623669E+05  4.787392E+04  3.058749E+05  1.298585E+04  2.471402E+04  9.464406E+04  4.886490E+05
2025-01-31  4.560296E+04  2.232177E+03  1.106456E+06  7.044335E+05  2.806561E+05  1.806529E+05  3.367960E+05  4.739084E+05  2.694825E+05  5.238572E+03  8.467539E+05  1.755346E+05  1.672387E+03  8.790940E+02  1.736628E+06  4.125581E+05  1.353342E+06  2.938841E+05  8.704689E+05  9.079718E+04  2.566784E+04  1.043414E+05  3.621259E+05  2.275696E+05  7.057271E+04  2.396203E+05  5.900381E+05  2.647535E+05  1.032603E+06  2.551399E+05  1.534204E+05  9.865759E+05  2.500818E+05  1.039667E+06  1.589542E+04  1.414310E+05  3.298257E+05  6.239954E+04  4.151314E+05  1.281958E+04  2.685905E+04  3.229754E+05  3.133967E+05
2025-02-28  5.945424E+04  1.985264E+03  1.012277E+06  1.004070E+06  3.595709E+05  2.534732E+05  4.247330E+05  5.816036E+05  3.365510E+05  6.093968E+03  1.450303E+06  1.755493E+05  2.805024E+03  3.424352E+03  2.075726E+06  3.342265E+05  1.903825E+06  3.163425E+05  9.188441E+05  9.931903E+04  3.580392E+04  2.047492E+05  3.968854E+05  2.896419E+05  7.024129E+04  3.156236E+05  8.469675E+05  3.491882E+05  1.028658E+06  3.522487E+05  1.971891E+05  1.351779E+06  3.447162E+05  1.181489E+06  1.532120E+04  1.779601E+05  6.250956E+05  8.201137E+04  4.308061E+05  1.585422E+04  2.521488E+04  4.170185E+05  4.684357E+05
2025-03-31  4.806285E+04  1.208710E+03  8.736451E+05  8.868543E+05  2.984031E+05  2.165837E+05  3.715847E+05  5.490918E+05  2.852190E+05  4.960772E+03  1.275927E+06  1.394363E+05  1.833169E+03  1.476934E+03  1.714544E+06  3.699929E+05  1.599093E+06  2.487456E+05  7.451792E+05  7.357783E+04  2.155304E+04  1.905604E+05  3.277395E+05  2.154531E+05  5.947181E+04  2.717985E+05  7.628502E+05  2.704549E+05  8.719195E+05  3.127061E+05  1.638888E+05  1.141786E+06  2.630897E+05  1.160146E+06  1.244161E+04  1.401766E+05  5.424992E+05  6.549873E+04  3.619975E+05  1.545100E+04  2.823733E+04  3.273677E+05  3.497795E+05
2025-04-30  2.749202E+04  4.927854E+02  4.663053E+05  5.694086E+05  1.608253E+05  1.359788E+05  2.315634E+05  2.963668E+05  1.882655E+05  1.903552E+03  7.882848E+05  8.017063E+04  7.501890E+02  8.224266E+02  9.371010E+05  2.389511E+05  1.055043E+06  1.404323E+05  4.281745E+05  3.912845E+04  1.035675E+04  1.069142E+05  1.823181E+05  1.283746E+05  3.954661E+04  1.869523E+05  5.083323E+05  1.496507E+05  5.184587E+05  2.001326E+05  1.132539E+05  7.387503E+05  1.406659E+05  6.596452E+05  5.721477E+03  8.637460E+04  3.354584E+05  3.923187E+04  2.053414E+05  9.691878E+03  2.258459E+04  1.794719E+05  1.699842E+05
2025-05-31  9.195105E+03  4.805680E+01  1.062307E+05  2.171945E+05  6.073269E+04  5.245834E+04  7.628128E+04  8.924374E+04  7.021733E+04  3.560318E+02  3.543415E+05  1.815917E+04  1.112266E+02  7.713980E+01  3.223806E+05  6.080724E+04  4.304615E+05  2.909682E+04  1.092372E+05  5.589067E+03  1.764284E+03  5.293716E+04  5.606961E+04  5.440949E+04  9.941738E+03  6.986537E+04  1.978348E+05  4.529536E+04  1.260052E+05  6.896590E+04  4.068323E+04  2.864655E+05  4.558965E+04  2.363695E+05  1.182878E+03  3.361162E+04  1.316052E+05  1.382286E+04  4.503181E+04  2.447417E+03  5.775249E+03  5.590202E+04  3.616688E+04
2025-06-30  3.716172E+03  3.192780E+01  2.393485E+04  6.344000E+04  3.249973E+04  1.368295E+04  1.830004E+04  3.464649E+04  1.867027E+04  1.930146E+02  1.210011E+05  4.363288E+03  4.551680E+01  1.516380E+01  9.344086E+04  9.586976E+03  1.456770E+05  7.688402E+03  2.692334E+04  2.276627E+03  1.013765E+03  1.574084E+04  2.888861E+04  2.019587E+04  1.905025E+03  1.857873E+04  5.927423E+04  1.669692E+04  3.117306E+04  1.559006E+04  1.193643E+04  9.512983E+04  1.498153E+04  7.182289E+04  5.843270E+02  9.609531E+03  5.553944E+04  3.586353E+03  1.063300E+04  5.379974E+02  8.698738E+02  1.274336E+04  1.050508E+04
2025-07-31  2.748331E+03  5.575300E+01  1.478095E+04  1.978205E+04  1.961045E+04  3.862603E+03  8.129092E+03  1.118814E+04  6.564376E+03  3.667506E+02  3.735288E+04  2.480920E+03  2.059178E+02  1.477518E+02  3.165731E+04  4.945609E+03  4.327619E+04  4.466082E+03  1.347876E+04  1.506449E+03  8.520684E+02  3.381629E+03  9.773082E+03  1.133787E+04  1.455141E+03  6.559982E+03  1.780890E+04  1.055215E+04  1.385217E+04  4.831004E+03  3.833114E+03  2.877967E+04  6.907733E+03  3.612985E+04  4.229354E+02  3.615868E+03  2.093031E+04  1.163574E+03  6.116295E+03  3.735070E+02  4.663948E+02  5.585358E+03  5.624220E+03
2025-08-31  2.067204E+03  2.303780E+01  1.172078E+04  7.562901E+03  1.068649E+04  1.983461E+03  4.606747E+03  4.572838E+03  2.654351E+03  1.308100E+02  1.035304E+04  1.762176E+03  4.869180E+01  1.395222E+02  1.800573E+04  2.530221E+03  1.218822E+04  3.114015E+03  9.808108E+03  1.084580E+03  6.714998E+02  1.290625E+03  3.099460E+03  8.421192E+03  9.925558E+02  3.001594E+03  5.684393E+03  6.639585E+03  9.120403E+03  2.880995E+03  1.398626E+03  1.030760E+04  3.351251E+03  1.862437E+04  3.005582E+02  1.385646E+03  6.017387E+03  6.573012E+02  4.343984E+03  2.310130E+02  3.052064E+02  3.739921E+03  3.537331E+03
